Date,S-1 FO,S-1 FR,R-33 FR,S-32 FR,Year
1980-12-29,0.2463500000000002,0.022825,0.022825,0.002075,1980
1981-01-05,0.2919323979591833,0.2079961734693875,0.201831632653061,0.0061645408163265,1981
1981-01-12,0.2712691326530616,0.1873941326530615,0.1784017857142859,0.0089923469387755,1981
1981-01-19,0.4261224489795926,0.9343125000000012,0.9063724489795936,0.0279400510204082,1981
1981-01-26,0.2377538265306125,0.6917181122448983,0.6700790816326531,0.0218622448979592,1981
1981-02-09,0.0016326530612244,6.688090561224494,6.686457908163269,0.0,1981
1981-02-16,0.0,3.226464285714286,3.226464285714286,0.0,1981
1981-02-23,0.0031938775510203,1.8677844387755107,1.8630918367346936,0.0015969387755101,1981
1981-03-02,0.0342857142857143,1.516937500000001,1.4971594387755107,0.0204821428571429,1981
1981-03-16,0.0277551020408163,21.7225280612245,21.663603316326544,0.057327806122449,1981
1981-03-23,0.0,2.1286415816326536,2.1286415816326536,0.0,1981
1981-03-30,0.0,0.9115140306122452,0.9115140306122452,0.0,1981
1981-04-06,0.0,0.4683303571428573,0.4208431122448982,0.0,1981
1981-04-13,0.0029974489795918,0.4718380102040817,0.4546785714285715,0.0014987244897959,1981
1981-04-20,0.0149872448979591,0.4838571428571435,0.4733660714285719,0.0089923469387755,1981
1981-05-11,0.0,4.476036989795921,4.476036989795921,0.0,1981
1981-05-18,0.0,2.2516875000000014,2.2516875000000014,0.0,1981
1981-05-25,0.0899234693877553,2.80827678571429,2.746829081632656,0.0614477040816327,1981
1981-06-01,0.0623839285714285,4.278639030612247,4.18033035714286,0.0743915816326531,1981
1981-06-08,0.1412538265306119,5.604410714285711,5.469899234693869,0.1313801020408162,1981
1981-06-15,0.048639030612245,2.117700255102041,2.070613520408166,0.0440803571428571,1981
1981-06-22,0.3849043367346941,7.954275510204094,7.674719387755112,0.278057397959184,1981
1981-08-03,0.127755102040816,15.690845663265309,15.54388392857143,0.1469617346938772,1981
1981-08-24,0.0,8.8211543367347,8.78355229591838,0.0,1981
1981-08-31,0.0547002551020408,3.655010204081635,3.596812500000002,0.0568239795918368,1981
1981-09-07,0.1249426020408166,8.341573979591834,8.179193877551013,0.1642359693877552,1981
1981-09-14,0.0317283163265306,1.6575255102040842,1.6205344387755127,0.0353941326530612,1981
1981-10-05,0.0,3.97678954081633,3.97678954081633,0.0,1981
1981-10-12,0.0,0.7736721938775515,0.7736721938775515,0.0,1981
1981-10-19,0.1258928571428573,3.3339859693877587,3.226077806122454,0.1079081632653061,1981
1981-10-26,0.0,4.144088010204085,4.10635204081633,0.0377359693877552,1981
1981-11-09,0.0,2.699210459183674,2.697577806122451,0.0016326530612244,1981
1981-11-16,0.0,0.582979591836735,0.582979591836735,0.0,1981
1981-11-23,0.0,0.2728303571428573,0.2728303571428573,0.0,1981
1981-11-30,0.0,0.1653099489795919,0.1653099489795919,0.0,1981
1981-12-07,0.2643290816326534,9.19150255102042,8.934817602040825,0.2566849489795922,1981
1981-12-14,0.0,5.457219387755107,5.402934948979604,0.0542844387755103,1981
1981-12-21,0.0419642857142857,1.246437500000001,1.2104681122448997,0.0359693877551021,1981
1981-12-28,0.0649426020408164,3.663900510204087,3.588297193877555,0.0761747448979592,1981
1982-01-11,0.0170114795918367,4.780329081632654,4.764021683673472,0.0156377551020408,1982
1982-01-18,0.0473469387755102,3.4141862244898,3.3613125000000044,0.0519464285714286,1982
1982-01-25,0.2267653061224486,12.373580357142853,12.11024744897958,0.261834183673469,1982
1982-02-08,0.1736785714285716,67.8372040816327,67.551043367347,0.2829311224489798,1982
1982-03-15,0.0,8.943339285714288,8.934248724489798,0.0090905612244898,1982
1982-04-05,0.0,8.022618622448986,7.936655612244901,0.0081632653061224,1982
1982-04-12,0.1456147959183674,10.0169974489796,9.833080357142869,0.1723431122448981,1982
1982-04-26,0.3365714285714288,24.95086096938778,24.488081632653067,0.4659107142857148,1982
1982-05-03,0.0013737244897959,8.414551020408172,8.359954081632655,0.0540255102040817,1982
1982-05-10,0.0894693877551021,4.348654336734695,4.257936224489797,0.090593112244898,1982
1982-05-17,0.0533915816326531,4.896679846938782,4.8188826530612285,0.0783686224489796,1982
1982-05-31,0.1611594387755105,14.066017857142878,13.839910714285736,0.2261071428571431,1982
1982-06-07,0.4431198979591834,25.437477040816315,24.89607525510204,0.5429005102040813,1982
1982-06-21,0.4501160714285711,25.70344260204083,25.154683673469385,0.5487589285714287,1982
1982-06-28,0.2537640306122449,15.18710076530613,14.88450637755103,0.3009974489795919,1982
1982-07-05,0.4655280612244895,27.896283163265306,27.318156887755084,0.5795357142857139,1982
1982-07-12,0.4666173469387759,23.404167091836744,22.876178571428586,0.5248928571428575,1982
1982-08-02,0.3031505102040819,56.35850637755107,55.84344260204084,0.5149298469387761,1982
1982-08-30,0.0,19.517135204081647,19.517135204081647,0.0,1982
1982-09-06,0.0462257653061224,6.912149234693876,6.854494897959183,0.0576543367346937,1982
1982-09-13,0.0063877551020407,3.036410714285714,3.027016581632654,0.0077614795918367,1982
1982-09-20,0.007984693877551,1.7574094387755108,1.749647959183674,0.0077614795918367,1982
1982-09-27,0.0018545918367347,0.889774234693878,0.8865459183673472,0.0032283163265306,1982
1982-10-11,0.2890038265306126,27.07262244897962,26.645672193877584,0.4253176020408166,1982
1982-10-18,0.0,11.342878826530628,11.249225765306136,0.0936530612244899,1982
1982-10-25,0.0,0.959170918367347,0.959170918367347,0.0,1982
1982-11-01,0.0,0.4576313775510203,0.4576313775510203,0.0,1982
1982-11-08,0.0503035714285714,2.294367346938777,2.215168367346942,0.0549247448979592,1982
1982-11-15,0.163265306122449,9.754839285714306,9.559704081632663,0.1951352040816329,1982
1982-11-22,0.0506045918367345,3.6058022959183647,3.537408163265302,0.0667971938775509,1982
1982-11-29,0.0030956632653061,0.4604005102040817,0.4542984693877552,0.0046926020408163,1982
1982-12-06,0.0255497448979592,0.9884783163265316,0.9589948979591842,0.0271823979591837,1982
1982-12-27,0.0261007653061224,4.280519132653061,4.247584183673468,0.0343086734693876,1982
1983-01-03,0.0,1.206423469387755,1.206423469387755,0.0,1983
1983-01-10,0.0,0.6709043367346942,0.6667831632653064,0.0,1983
1983-01-17,0.1703571428571429,7.300852040816329,7.117978316326536,0.1858801020408164,1983
1983-01-24,0.2710204081632658,18.170383928571464,17.824155612244937,0.345781887755103,1983
1983-02-07,0.0367104591836734,20.226544642857164,20.07309183673471,0.1557895408163267,1983
1983-02-14,0.0784821428571428,5.657113520408167,5.56160459183674,0.0955089285714285,1983
1983-02-28,0.0014987244897959,15.897498724489806,15.808225765306137,0.0907716836734694,1983
1983-03-07,0.0,2.9736951530612257,2.9736951530612257,0.0,1983
1983-03-21,0.3517385204081633,33.72927295918371,33.22179081632656,0.5073571428571447,1983
1983-04-04,0.0486811224489796,10.274396683673473,10.1595573979592,0.1163380102040816,1983
1983-04-25,0.1006071428571427,33.86565433673472,33.62926020408164,0.2360459183673468,1983
1983-05-09,0.0499145408163265,7.094987244897962,7.033603316326534,0.0616428571428571,1983
1983-05-16,0.3660446428571431,19.84065306122452,19.42252678571432,0.4181262755102047,1983
1983-05-23,0.2329987244897959,20.495279336734708,20.14425765306124,0.347792091836735,1983
1983-05-30,0.0032283163265306,1.4776556122448985,1.4730535714285715,0.0032283163265306,1983
1983-06-06,0.0636734693877552,3.819723214285722,3.745661989795925,0.0724285714285715,1983
1983-06-13,0.0728749999999999,4.6266874999999965,4.534872448979589,0.0920382653061222,1983
1983-06-27,0.1485153061224486,12.095866071428558,11.868321428571424,0.1904540816326526,1983
1983-09-05,0.0,26.44676403061226,26.44676403061226,0.0,1983
1983-09-19,0.2831262755102038,38.36595918367348,37.95877295918366,0.4065165816326529,1983
1983-09-26,0.1101887755102038,11.13695280612244,10.958911989795912,0.1475956632653057,1983
1983-10-03,0.0031938775510203,2.4795114795918383,2.4748188775510216,0.0031938775510203,1983
1983-10-10,0.0015969387755101,1.4100114795918377,1.3451020408163268,0.0015969387755101,1983
1983-10-17,0.0,0.517136479591837,0.517136479591837,0.0,1983
1983-10-24,0.0,0.2997130102040817,0.2997130102040817,0.0,1983
1983-10-31,0.0,0.2867678571428572,0.2867678571428572,0.0,1983
1983-11-07,0.0074936224489795,0.3439834183673471,0.3335191326530617,0.0074936224489795,1983
1983-11-14,0.0,0.4095408163265309,0.4041989795918371,0.0016326530612244,1983
1983-11-21,0.0,0.1101007653061224,0.1101007653061224,0.0,1983
1983-11-28,0.0,0.0989948979591836,0.0989948979591836,0.0,1983
1983-12-05,0.0,0.0635765306122449,0.0635765306122449,0.0,1983
1983-12-12,0.0028724489795918,0.1735063775510206,0.1691352040816328,0.0028724489795918,1983
1983-12-19,0.0,0.0999349489795918,0.0983022959183674,0.0,1983
1983-12-26,0.061905612244898,4.66164413265306,4.57849744897959,0.0877142857142857,1983
1984-01-02,0.0,0.1736951530612245,0.1736951530612245,0.0,1984
1984-01-09,0.0255510204081632,1.5234502551020417,1.4951517857142866,0.0343647959183673,1984
1984-01-16,0.222809948979592,7.166752551020413,6.949937500000005,0.2168150510204085,1984
1984-02-06,0.0368966836734695,10.649775510204092,10.60170918367348,0.0483252551020409,1984
1984-02-27,0.2592168367346941,11.48910204081634,11.219170918367364,0.2706007653061226,1984
1984-03-12,0.0879693877551017,48.21969897959186,47.72340306122455,0.4962959183673473,1984
1984-03-19,0.1249783163265307,6.521364795918367,6.386698979591843,0.1361645408163266,1984
1984-04-02,0.1176709183673472,43.59797704081635,43.167346938775545,0.4315573979591843,1984
1984-04-16,0.0734591836734693,26.25894897959184,26.02120025510205,0.2363750000000002,1984
1984-04-23,0.3731224489795922,19.3781543367347,18.971325255102062,0.4092551020408167,1984
1984-05-07,0.160862244897959,12.75721301020407,12.540966836734691,0.2146492346938772,1984
1984-05-14,0.0,1.9738329081632653,1.9738329081632653,0.0,1984
1984-05-21,0.0119897959183673,1.0339515306122455,1.0234604591836742,0.0104910714285714,1984
1984-05-28,0.0889375000000001,7.28761479591836,7.160244897959182,0.1273698979591837,1984
1984-06-04,0.0016326530612244,0.686154336734694,0.686154336734694,0.0016326530612244,1984
1984-06-11,0.1970420918367346,8.782503826530615,8.565015306122447,0.2158915816326531,1984
1984-07-02,0.0,4.424390306122453,4.404576530612249,0.0198137755102041,1984
1984-09-17,0.0339005102040817,19.632709183673484,19.589977040816336,0.0410994897959184,1984
1984-10-08,0.2698826530612235,20.28539030612244,19.939369897959185,0.3444234693877551,1984
1984-10-15,0.1369489795918367,13.588570153061228,13.39588137755102,0.1936160714285714,1984
1984-10-22,0.0315267857142856,4.660688775510205,4.619045918367348,0.0401441326530612,1984
1984-10-29,0.0,2.4010739795918377,2.399441326530613,0.0016326530612244,1984
1984-11-05,0.0,1.1743392857142858,1.1685854591836742,0.0,1984
1984-11-12,0.0,1.3104451530612249,1.3104451530612249,0.0,1984
1984-11-19,0.0,0.9037385204081636,0.9037385204081636,0.0,1984
1984-11-26,0.0,0.6763073979591837,0.6763073979591837,0.0,1984
1984-12-03,0.0,0.6560880102040817,0.6560880102040817,0.0,1984
1984-12-10,0.0,0.4050357142857143,0.4050357142857143,0.0,1984
1984-12-17,0.0014987244897959,0.4175956632653061,0.4160969387755102,0.0014987244897959,1984
1984-12-24,0.0016326530612244,0.3204936224489797,0.3188609693877552,0.0016326530612244,1984
1984-12-31,0.0,0.251234693877551,0.251234693877551,0.0,1984
1985-01-07,0.0,0.1899795918367347,0.1899795918367347,0.0,1985
1985-01-14,0.2067436224489791,13.2572295918367,12.99115178571428,0.2660778061224489,1985
1985-02-04,0.4107295918367339,36.04241581632649,35.443332908163235,0.5977091836734685,1985
1985-02-11,0.0,4.019125000000002,4.017492346938776,0.0016326530612244,1985
1985-02-25,0.0063877551020408,43.97378826530616,43.58135969387759,0.3933558673469395,1985
1985-03-04,0.1431275510204085,6.151914540816333,6.008911989795926,0.1416288265306124,1985
1985-03-18,0.3777653061224499,39.92626275510212,39.37057270408168,0.5554668367346947,1985
1985-03-25,0.0031938775510204,5.541299744897965,5.497363520408167,0.0409298469387755,1985
1985-04-01,0.4303456632653064,14.19516071428574,13.77370918367349,0.4205242346938786,1985
1985-04-29,0.0048979591836734,6.181732142857145,6.174533163265312,0.0058252551020408,1985
1985-05-06,0.0634655612244896,5.3886887755101975,5.304909438775505,0.0821823979591835,1985
1985-05-13,0.0582283163265306,3.687963010204086,3.619414540816329,0.0670497448979593,1985
1985-05-20,0.0765331632653062,4.355561224489802,4.189784438775511,0.0841250000000001,1985
1985-05-27,0.0511721938775511,7.0536020408163305,6.9551033163265314,0.0994260204081631,1985
1985-06-03,0.0,0.5537142857142862,0.5523405612244902,0.0,1985
1985-06-10,0.0,0.3817423469387755,0.3817423469387755,0.0,1985
1985-07-01,0.1353852040816327,16.77497576530615,16.436709183673475,0.2496798469387756,1985
1985-07-08,0.0085267857142857,1.1581377551020415,1.1297066326530625,0.0113992346938775,1985
1985-07-22,0.0488354591836733,14.570955357142868,14.433711734693889,0.1402142857142857,1985
1985-08-12,0.2954961734693879,34.82497448979594,34.47564540816329,0.3507028061224491,1985
1985-08-26,0.0030063775510204,74.1233341836735,74.06199872448987,0.0601492346938776,1985
1985-09-02,0.0,5.829895408163268,5.829895408163268,0.0,1985
1985-09-09,0.0,2.6105076530612257,2.6105076530612257,0.0,1985
1985-09-16,0.0041211734693877,1.648001275510205,1.6423813775510212,0.0056198979591836,1985
1985-09-23,0.0373380102040817,3.119544642857144,3.073831632653067,0.0455790816326531,1985
1985-09-30,0.0,1.034966836734694,1.034966836734694,0.0,1985
1985-10-07,0.0464604591836735,2.1704693877551047,2.125507653061228,0.0449617346938776,1985
1985-10-14,0.1367614795918367,9.701082908163272,9.51467219387756,0.1861875000000001,1985
1985-10-21,0.0,0.9492117346938788,0.9459464285714294,0.0032653061224489,1985
1985-10-28,0.0,0.3719604591836735,0.3719604591836735,0.0,1985
1985-11-04,0.021327806122449,1.9678443877551024,1.935080357142857,0.0302397959183674,1985
1985-11-11,0.0,0.2977691326530612,0.2968418367346939,0.0,1985
1985-11-18,0.0,0.1530663265306122,0.1530663265306122,0.0,1985
1985-11-25,0.0,0.1615841836734694,0.1615841836734694,0.0,1985
1985-12-02,0.0,0.1069642857142857,0.1069642857142857,0.0,1985
1985-12-09,0.0,0.0984400510204082,0.0984400510204082,0.0,1985
1985-12-16,0.0,0.0732015306122449,0.0732015306122449,0.0,1985
1985-12-23,0.0025599489795918,0.1710905612244901,0.1685306122448982,0.0025599489795918,1985
1985-12-30,0.2133737244897958,14.389155612244886,14.10407653061223,0.2850790816326529,1985
1986-01-06,0.1858022959183682,17.369392857142866,17.091465561224503,0.2765892857142859,1986
1986-01-13,0.0569948979591837,3.781377551020412,3.715961734693881,0.0654158163265307,1986
1986-01-20,0.2834323979591834,18.097493622448987,17.732614795918376,0.3649145408163266,1986
1986-02-10,0.1189374999999999,34.10452806122452,33.73448469387759,0.3686696428571429,1986
1986-02-17,0.0027474489795918,2.2513150510204087,2.2469706632653064,0.004344387755102,1986
1986-03-10,0.0231823979591837,9.491088010204091,9.439179846938782,0.0532818877551021,1986
1986-03-17,0.0,2.221052295918367,2.221052295918367,0.0,1986
1986-03-24,0.0096160714285714,1.548863520408163,1.5360535714285706,0.0114362244897959,1986
1986-03-31,0.1545599489795914,9.220075255102032,9.025373724489794,0.1960752551020406,1986
1986-04-14,0.0,14.364987244897966,14.364987244897966,0.0,1986
1986-05-05,0.0766530612244896,8.200401785714284,8.098798469387756,0.0990433673469387,1986
1986-05-12,0.0569438775510204,5.71155994897959,5.631295918367343,0.0788545918367346,1986
1986-05-19,0.0048979591836734,1.4573979591836743,1.4515727040816342,0.0058252551020408,1986
1986-05-26,0.0,0.9149859693877556,0.9133890306122452,0.0,1986
1986-06-02,0.0,0.6035433673469389,0.6026160714285717,0.0,1986
1986-06-09,0.0,0.5194783163265307,0.5194783163265307,0.0,1986
1986-06-30,0.0511020408163264,8.852031887755103,8.750517857142864,0.1015140306122448,1986
1986-07-21,0.0255204081632653,12.815039540816333,12.70847193877552,0.1033737244897959,1986
1986-07-28,0.0,2.0052117346938783,2.0052117346938783,0.0,1986
1986-08-04,0.4614056122448985,34.81770025510201,34.172408163265295,0.6443647959183672,1986
1986-09-08,0.0,8.200454081632657,8.200454081632657,0.0,1986
1986-09-15,0.0,2.91682780612245,2.844423469387756,0.0,1986
1986-09-22,0.0331122448979592,3.4009846938775525,3.3660522959183683,0.0344859693877552,1986
1986-09-29,0.0358112244897959,3.769102040816333,3.716691326530616,0.0522857142857143,1986
1986-10-06,0.0,0.9482397959183676,0.9482397959183676,0.0,1986
1986-10-20,0.0,56.5575471938776,56.06078698979594,0.4990612244897973,1986
1986-10-27,0.0,1.5413711734693882,1.5413711734693882,0.0,1986
1986-11-03,0.0,0.5585255102040817,0.5585255102040817,0.0,1986
1986-11-10,0.0,0.2963469387755104,0.2963469387755104,0.0,1986
1986-11-17,0.0,0.1685063775510204,0.1685063775510204,0.0,1986
1986-11-24,0.0,0.1769681122448979,0.1618571428571428,0.0,1986
1986-12-01,0.0,0.0896875,0.0622729591836735,0.0,1986
1986-12-08,0.0,0.0993099489795918,0.0919604591836734,0.0,1986
1986-12-15,0.0,0.0455267857142857,0.0455267857142857,0.0,1986
1986-12-22,0.0023010204081632,0.2207742346938775,0.2184732142857141,0.0023010204081632,1986
1986-12-29,0.0,0.0365191326530612,0.0365191326530612,0.0,1986
1987-01-05,0.039923469387755,2.6360841836734705,2.5868022959183627,0.0508788265306121,1987
1987-01-12,0.0224808673469388,0.9228852040816342,0.901903061224491,0.0209821428571428,1987
1987-01-19,0.3511594387755098,21.65199489795919,21.19979336734695,0.4507028061224487,1987
1987-02-09,0.0,9.629047193877556,9.554948979591847,0.0740982142857144,1987
1987-02-16,0.0,0.6195650510204086,0.6195650510204086,0.0,1987
1987-02-23,0.0790076530612246,4.955767857142867,4.855298469387759,0.1009158163265308,1987
1987-03-02,0.0,0.980894132653062,0.974363520408164,0.0074579081632653,1987
1987-03-16,0.2302040816326534,36.90033673469393,36.5349272959184,0.3686390306122454,1987
1987-04-20,0.4694043367346946,39.61444515306129,38.97566326530615,0.6394515306122459,1987
1987-04-27,0.0046020408163265,5.5286913265306135,5.522492346938777,0.0061989795918367,1987
1987-05-04,0.3786823979591837,25.04202423469389,24.560977040816333,0.4810471938775512,1987
1987-05-11,0.2587908163265301,20.395577806122407,20.03525382653059,0.3594323979591833,1987
1987-05-18,0.0062691326530612,2.2903507653061235,2.278809948979594,0.0076428571428571,1987
1987-05-25,0.1170867346938776,7.165987244897965,7.022886479591851,0.140576530612245,1987
1987-06-01,0.0091326530612245,1.2832512755102046,1.2727448979591849,0.0105063775510204,1987
1987-06-22,0.1109056122448979,13.925019132653077,13.81711096938777,0.1079081632653061,1987
1987-07-06,0.0,3.7097474489795945,3.703216836734697,0.0074579081632653,1987
1987-07-13,0.0,1.5587015306122456,1.5587015306122456,0.0,1987
1987-07-20,0.0,0.9138903061224494,0.9138903061224494,0.0,1987
1987-08-03,0.0065306122448979,24.964246173469423,24.788331632653087,0.1729081632653061,1987
1987-08-17,0.0910344387755101,33.8475255102041,33.47751147959186,0.3713877551020413,1987
1987-09-07,0.2775229591836739,17.14547321428574,16.83493367346941,0.309478316326531,1987
1987-09-14,0.0095816326530612,8.241913265306128,8.169919642857149,0.0735905612244898,1987
1987-09-21,0.0351326530612244,2.986501275510204,2.9378890306122423,0.0444910714285712,1987
1987-09-28,0.0123163265306122,0.9862959183673472,0.9712321428571437,0.0150637755102041,1987
1987-10-05,0.0029706632653061,0.2797410714285716,0.2640229591836736,0.0029706632653061,1987
1987-10-12,0.0449617346938776,1.595636479591839,1.533576530612249,0.0434630102040817,1987
1987-10-19,0.0506122448979593,4.559656887755106,4.484668367346947,0.074061224489796,1987
1987-10-26,0.0,0.0946989795918368,0.0946989795918368,0.0,1987
1987-11-02,0.0,0.0582538265306122,0.0582538265306122,0.0,1987
1987-11-09,0.0,0.0395535714285714,0.0395535714285714,0.0,1987
1987-11-16,0.0152882653061224,1.0839183673469388,1.0633941326530625,0.022156887755102,1987
1987-11-23,0.0,0.0529260204081632,0.0529260204081632,0.0,1987
1987-11-30,0.0,0.0203201530612245,0.0203201530612245,0.0,1987
1987-12-07,0.0,0.0191084183673469,0.0191084183673469,0.0,1987
1987-12-14,0.0,0.0138979591836734,0.0138979591836734,0.0,1987
1987-12-21,0.0029706632653061,0.2275688775510203,0.2230012755102037,0.0029706632653061,1987
1987-12-28,0.0,0.0125599489795918,0.0125599489795918,0.0,1987
1988-01-04,0.0,0.0069043367346938,0.0069043367346938,0.0,1988
1988-01-11,0.1348852040816329,4.266975765306131,4.1350880102040914,0.1318877551020409,1988
1988-02-01,0.1686109693877553,14.855585459183676,14.617061224489795,0.2360982142857143,1988
1988-02-08,0.0669387755102041,5.367589285714296,5.278906887755111,0.0857117346938777,1988
1988-02-22,0.0990089285714286,11.198801020408167,11.058167091836731,0.1382971938775511,1988
1988-03-28,0.3010076530612248,82.88924872448982,81.98727295918376,0.9049464285714294,1988
1988-04-04,0.0,6.414619897959186,6.414619897959186,0.0,1988
1988-04-11,0.2145140306122462,20.29848469387756,19.978812500000004,0.319002551020409,1988
1988-04-18,0.0009272959183673,2.497942602040818,2.496568877551021,0.0009272959183673,1988
1988-05-02,0.2430956632653057,16.76192346938776,16.45455612244898,0.3073673469387752,1988
1988-05-16,0.0047908163265306,9.06724362244899,8.995625000000006,0.0700216836734695,1988
1988-05-23,0.0369885204081633,3.549760204081637,3.499223214285718,0.0491632653061226,1988
1988-05-30,0.0015969387755101,0.8225267857142862,0.8195561224489797,0.0015969387755101,1988
1988-06-06,0.0013737244897959,0.496248724489796,0.49315306122449,0.0013737244897959,1988
1988-06-13,0.1596798469387757,9.069594387755116,8.877424744897963,0.1906709183673472,1988
1988-06-20,0.0527244897959183,5.419142857142858,5.334133928571431,0.0851339285714286,1988
1988-06-27,0.0,1.3866262755102046,1.3775357142857163,0.0090905612244898,1988
1988-07-04,0.0989158163265307,3.3475892857142897,3.250743622448985,0.0959183673469391,1988
1988-07-11,0.0373737244897959,6.359982142857148,6.27600510204082,0.0839770408163266,1988
1988-08-29,0.0,89.49034183673477,89.00122193877553,0.1214081632653063,1988
1988-09-12,0.0137372448979591,31.34335841836736,31.26631632653064,0.0802716836734694,1988
1988-09-19,0.2592882653061221,21.129358418367342,20.792332908163235,0.3354285714285706,1988
1988-09-26,0.0899617346938775,10.841650510204092,10.724577806122456,0.1170727040816327,1988
1988-10-03,0.1140739795918368,6.996452806122458,6.868693877551026,0.1277589285714286,1988
1988-10-17,0.0233877551020408,5.710095663265306,5.67549362244898,0.0313724489795918,1988
1988-10-24,0.0,2.137947704081633,2.137947704081633,0.0,1988
1988-10-31,0.0,1.225022959183674,1.225022959183674,0.0,1988
1988-11-07,0.0,0.8900357142857146,0.8900357142857146,0.0,1988
1988-11-14,0.0,0.7778801020408165,0.7778801020408165,0.0,1988
1988-11-21,0.0,0.4953367346938777,0.4953367346938777,0.0,1988
1988-11-28,0.0,0.5089553571428571,0.5089553571428571,0.0,1988
1988-12-05,0.0,0.3155089285714286,0.3155089285714286,0.0,1988
1988-12-12,0.0,0.3123533163265307,0.3123533163265307,0.0,1988
1988-12-19,0.0029706632653061,0.3308533163265307,0.3278826530612247,0.0029706632653061,1988
1988-12-26,0.0,0.2188635204081633,0.2188635204081633,0.0,1988
1989-01-16,0.0015969387755101,12.12886352040817,12.060626275510222,0.0668635204081634,1989
1989-01-30,0.3504336734693874,28.927531887755105,28.427869897959145,0.4978061224489792,1989
1989-02-06,0.0266505102040816,4.193553571428572,4.140344387755103,0.0380880102040816,1989
1989-03-20,0.0,4.818076530612246,4.818076530612246,0.0,1989
1989-03-27,0.0,2.7280382653061226,2.7280382653061226,0.0,1989
1989-04-17,0.0014987244897959,14.71706250000001,14.699237244897969,0.0178252551020408,1989
1989-04-24,0.0048979591836734,1.6572691326530624,1.651443877551021,0.0058252551020408,1989
1989-05-01,0.0706135204081632,4.465655612244903,4.3771823979591895,0.0871977040816327,1989
1989-05-15,0.0031938775510203,12.923761479591846,12.810107142857152,0.1164017857142858,1989
1989-05-22,0.0483214285714285,4.129908163265304,4.057598214285713,0.0679655612244898,1989
1989-05-29,0.0,0.3330969387755103,0.3330969387755103,0.0,1989
1989-06-05,0.0,0.1895153061224491,0.1895153061224491,0.0,1989
1989-06-12,0.1064094387755103,3.547964285714288,3.443053571428578,0.1049107142857142,1989
1989-07-10,0.0478354591836734,3.38523086734694,3.332025510204083,0.0537767857142857,1989
1989-07-24,0.2354719387755102,90.87387372448984,90.07553443877558,0.7983392857142866,1989
1989-08-21,0.0,32.685839285714295,32.685839285714295,0.0,1989
1989-08-28,0.0,11.232339285714293,11.232339285714293,0.0,1989
1989-09-18,0.0,26.627237244897973,26.62141198979594,0.0048979591836734,1989
1989-09-25,0.0,7.539937500000002,7.539937500000002,0.0,1989
1989-10-02,0.0018545918367347,4.122561224489798,4.1184056122449,0.0032283163265306,1989
1989-10-09,0.1034757653061222,8.534659438775494,8.395604591836722,0.1374579081632651,1989
1989-10-16,0.1425918367346937,10.73166454081632,10.540112244897944,0.1915522959183672,1989
1989-10-23,0.0,1.2743252551020412,1.2743252551020412,0.0,1989
1989-10-30,0.0027474489795918,0.881213010204082,0.8783405612244906,0.0042461734693877,1989
1989-11-06,0.0016326530612244,0.6113507653061229,0.6097181122448984,0.0016326530612244,1989
1989-11-13,0.0,0.5654005102040817,0.5409311224489797,0.0,1989
1989-11-20,0.0,0.2960905612244899,0.2106798469387756,0.0,1989
1989-11-27,0.0,0.3037461734693878,0.3000369897959183,0.0,1989
1989-12-04,0.0,0.1402512755102041,0.1402512755102041,0.0,1989
1989-12-11,0.0,0.093219387755102,0.093219387755102,0.0,1989
1989-12-18,0.0,0.1099515306122449,0.1099515306122449,0.0,1989
1989-12-25,0.1533061224489794,9.967548469387728,9.768762755102026,0.2003826530612239,1989
1990-01-01,0.3447066326530615,11.720390306122455,11.38317729591838,0.3387117346938778,1990
1990-01-08,0.0027474489795918,14.955257653061231,14.834725765306132,0.1209783163265307,1990
1990-01-15,0.007984693877551,1.5984285714285715,1.589070153061224,0.0093584183673469,1990
1990-02-05,0.2464961734693873,23.864102040816327,23.496446428571385,0.3669515306122446,1990
1990-02-12,0.0,0.9951275510204092,0.9951275510204092,0.0,1990
1990-03-12,0.2143010204081636,27.23747066326532,26.962845663265323,0.2746250000000003,1990
1990-03-19,0.097173469387755,13.382928571428582,13.24541454081633,0.1384413265306123,1990
1990-03-26,0.0127755102040815,5.054145408163268,5.030977040816329,0.0208673469387754,1990
1990-04-02,0.1038048469387756,5.577438775510209,5.472831632653068,0.1036798469387757,1990
1990-04-09,0.1027372448979592,10.79181377551022,10.627182397959192,0.1631326530612245,1990
1990-04-23,0.1761364795918372,29.534929846938773,29.272761479591857,0.2635420918367354,1990
1990-04-30,0.0,2.278000000000001,2.2763673469387764,0.0016326530612244,1990
1990-05-07,0.0013737244897959,1.010538265306123,0.952533163265306,0.0013737244897959,1990
1990-05-21,0.1128125,19.66182908163267,19.406535714285724,0.2568903061224494,1990
1990-05-28,0.0,1.7097551020408166,1.7097551020408166,0.0,1990
1990-06-04,0.0,0.8292602040816331,0.8292602040816331,0.0,1990
1990-06-18,0.0,11.954036989795917,11.881312500000018,0.0743571428571429,1990
1990-06-25,0.0987040816326531,8.151982142857147,8.029173469387763,0.1228086734693879,1990
1990-07-02,0.083265306122449,6.632802295918374,6.522005102040823,0.1094234693877552,1990
1990-07-30,0.0,16.026216836734708,16.02458418367348,0.0016326530612244,1990
1990-08-13,0.1126530612244899,31.60449362244902,31.26164285714288,0.3428507653061232,1990
1990-10-01,0.0,18.272940051020417,18.272940051020417,0.0,1990
1990-10-15,0.3011135204081637,30.07939158163268,29.63056887755104,0.449750000000001,1990
1990-10-22,0.0,5.322830357142857,5.322830357142857,0.0,1990
1990-10-29,0.0,2.6598290816326537,2.6598290816326537,0.0,1990
1990-11-05,0.0,2.1530165816326527,2.1530165816326527,0.0,1990
1990-11-12,0.0,1.6646849489795923,1.6646849489795923,0.0,1990
1990-11-19,0.0,1.317336734693878,1.3143660714285716,0.0,1990
1990-11-26,0.0,0.6265089285714287,0.6265089285714287,0.0,1990
1990-12-03,0.0,0.6873966836734695,0.6873966836734695,0.0,1990
1990-12-10,0.0,0.4719859693877551,0.4719859693877551,0.0,1990
1990-12-17,0.0,0.3146619897959186,0.3146619897959186,0.0,1990
1990-12-24,0.0587181122448979,2.192840561224493,2.1356211734693886,0.0581466836734695,1990
1990-12-31,0.1036594387755104,9.638832908163277,9.479609693877562,0.1592232142857143,1990
1991-01-07,0.0,0.465434948979592,0.465434948979592,0.0,1991
1991-01-14,0.0375293367346938,2.530553571428572,2.481686224489795,0.0517397959183673,1991
1991-02-04,0.1393813775510208,79.75191836734703,79.01668239795923,0.7351109693877564,1991
1991-02-11,0.289830357142857,27.644982142857163,27.215479591836743,0.4279056122448978,1991
1991-03-04,0.0029974489795918,32.690424744897975,32.653436224489816,0.0356505102040816,1991
1991-03-11,0.0609272959183673,8.476261479591843,8.39759948979592,0.0798482142857143,1991
1991-03-25,0.0009272959183673,28.33032653061227,28.297005102040835,0.0303150510204082,1991
1991-04-08,0.0,9.00946045918368,9.001297193877559,0.0081632653061224,1991
1991-04-15,0.0,2.6287397959183685,2.6287397959183685,0.0,1991
1991-04-22,0.260301020408163,15.979019132653066,15.651173469387746,0.330816326530612,1991
1991-05-06,0.0059413265306122,1.9853596938775528,1.9761530612244915,0.0078329081632653,1991
1991-05-20,0.4137857142857141,30.61430102040816,30.07590433673469,0.5383966836734688,1991
1991-05-27,0.0,4.311035714285717,4.306137755102043,0.0032653061224489,1991
1991-06-10,0.0,13.255741071428575,13.204684948979615,0.0494234693877552,1991
1991-06-17,0.0014987244897959,0.960793367346939,0.959294642857144,0.0014987244897959,1991
1991-06-24,0.0252091836734693,1.8777933673469391,1.8416645408163272,0.0328992346938775,1991
1991-07-01,0.0386186224489795,2.89926403061224,2.846237244897956,0.0528035714285713,1991
1991-07-15,0.0031938775510203,3.811090561224492,3.786709183673472,0.0243813775510204,1991
1991-07-22,0.0,0.3079757653061226,0.3079757653061226,0.0,1991
1991-07-29,0.4407104591836736,24.753862244897967,24.222264030612248,0.5344706632653061,1991
1991-08-12,0.102533163265306,16.80413903061224,16.643102040816327,0.1635969387755101,1991
1991-08-26,0.0,5.386415816326535,5.382223214285719,0.0032653061224489,1991
1991-09-02,0.0291237244897959,4.038915816326533,3.996312500000003,0.0442002551020409,1991
1991-09-09,0.2041721938775511,13.725721938775504,13.46083163265305,0.263168367346939,1991
1991-09-16,0.2918278061224481,22.46422831632652,22.06083163265305,0.4033966836734687,1991
1991-09-23,0.2445459183673472,15.033636479591854,14.74412117346941,0.2895153061224496,1991
1991-09-30,0.0047908163265306,1.87720918367347,1.866852040816328,0.0094298469387755,1991
1991-10-07,0.0,0.7735982142857145,0.7719655612244904,0.0,1991
1991-10-21,0.0,2.153670918367348,2.144580357142858,0.0090905612244898,1991
1991-10-28,0.0,0.2835051020408164,0.2835051020408164,0.0,1991
1991-11-04,0.0,0.1363010204081633,0.1363010204081633,0.0,1991
1991-11-11,0.0,0.1129668367346938,0.1129668367346938,0.0,1991
1991-11-18,0.0,0.0795446428571428,0.0795446428571428,0.0,1991
1991-11-25,0.0,0.045251275510204,0.045251275510204,0.0,1991
1991-12-02,0.0,0.0442219387755102,0.0387270408163265,0.0,1991
1991-12-09,0.233801020408164,7.463779336734698,7.2328418367347025,0.2293048469387762,1991
1991-12-23,0.0025599489795918,1.2608290816326535,1.255968112244899,0.0025599489795918,1991
1992-01-06,0.0119897959183673,3.379772959183678,3.3570599489795976,0.0227130102040816,1992
1992-01-13,0.0360408163265306,2.5761772959183697,2.5333928571428586,0.0464591836734694,1992
1992-01-20,0.1675943877551022,11.497040816326557,11.277838010204094,0.2216288265306123,1992
1992-01-27,0.0028724489795918,2.0978073979591847,2.082579081632655,0.0152283163265306,1992
1992-02-03,0.0016326530612244,0.5394961734693877,0.5369362244897963,0.0016326530612244,1992
1992-02-17,0.3069387755102045,68.03230102040818,67.42370408163274,0.608596938775511,1992
1992-02-24,0.2547372448979602,22.94987244897961,22.59792346938776,0.3505752551020412,1992
1992-03-16,0.0,18.91316071428575,18.856538265306124,0.0566224489795919,1992
1992-03-23,0.0,4.103761479591838,4.103761479591838,0.0,1992
1992-03-30,0.3709183673469398,35.274096938775514,34.717966836734696,0.5570573979591847,1992
1992-04-27,0.0,26.08927040816328,25.892427295918385,0.1963966836734696,1992
1992-05-04,0.2841033163265307,19.78289413265308,19.41898341836738,0.3624119897959185,1992
1992-05-11,0.0237653061224489,4.412170918367345,4.2935178571428585,0.0529374999999999,1992
1992-05-18,0.0291020408163265,1.9510140306122463,1.9121364795918383,0.0343724489795918,1992
1992-05-25,0.0244897959183673,1.622381377551024,1.5839502551020428,0.0295727040816327,1992
1992-06-01,0.0,0.2324489795918368,0.2207206632653061,0.0,1992
1992-06-15,0.2971160714285723,16.205193877551046,15.868237244897967,0.3345216836734702,1992
1992-06-29,0.4103112244897966,38.91620025510209,38.28884311224495,0.6288201530612259,1992
1992-07-13,0.0,16.22036734693879,16.143672193877563,0.0780688775510205,1992
1992-07-20,0.0,1.029350765306123,1.029350765306123,0.0,1992
1992-09-14,0.1318877551020409,20.497636479591844,20.3687461734694,0.1288903061224491,1992
1992-09-28,0.0016326530612244,21.628364795918376,21.570556122449,0.0578086734693878,1992
1992-10-05,0.0,5.698993622448983,5.698993622448983,0.0,1992
1992-10-12,0.0,4.214602040816327,4.214602040816327,0.0,1992
1992-10-19,0.3387117346938778,13.489677295918392,13.158459183673497,0.3312181122448986,1992
1992-10-26,0.0,15.352628826530632,15.236155612244907,0.1150994897959186,1992
1992-11-02,0.0,1.8993979591836736,1.8993979591836736,0.0,1992
1992-11-09,0.0,1.513789540816327,1.513789540816327,0.0,1992
1992-11-16,0.0,0.8964630102040819,0.8964630102040819,0.0,1992
1992-11-23,0.0,0.5456619897959186,0.5411658163265308,0.0,1992
1992-11-30,0.0,0.6672997448979592,0.6439119897959185,0.0,1992
1992-12-07,0.0,0.3136619897959183,0.2997806122448981,0.0,1992
1992-12-14,0.0,0.371,0.371,0.0,1992
1992-12-21,0.0029706632653061,0.3204655612244898,0.3158979591836734,0.0029706632653061,1992
1992-12-28,0.0591250000000003,5.4030561224489775,5.315117346938776,0.0879387755102042,1992
1993-01-04,0.0,0.4711823979591837,0.4711823979591837,0.0,1993
1993-01-11,0.0,0.2247551020408164,0.2247551020408164,0.0,1993
1993-01-25,0.1139119897959182,60.15882525510208,59.57415943877553,0.5862984693877552,1993
1993-02-08,0.0146938775510204,10.773914540816332,10.75506505102042,0.0165484693877551,1993
1993-02-15,0.0041211734693877,3.615894132653062,3.608900510204083,0.0056198979591836,1993
1993-03-01,0.0,9.810674744897964,9.810674744897964,0.0,1993
1993-03-22,0.073423469387755,16.35141326530612,16.250485969387764,0.1026849489795918,1993
1993-04-05,0.1566045918367349,12.695002551020425,12.496058673469394,0.2003176020408165,1993
1993-04-12,0.002781887755102,2.4621186224489806,2.445642857142861,0.0158061224489796,1993
1993-04-19,0.2699043367346943,9.628214285714304,9.364304846938785,0.263909438775511,1993
1993-05-10,0.0194732142857143,2.8423227040816346,2.7732397959183683,0.0293124999999999,1993
1993-05-17,0.0449617346938776,2.0461096938775527,1.98270535714286,0.0449617346938776,1993
1993-05-31,0.0750561224489794,9.40494897959184,9.297258928571429,0.1105624999999998,1993
1993-06-14,0.0,9.206448979591844,9.146339285714292,0.0591823979591838,1993
1993-06-21,0.0207946428571428,2.472377551020408,2.4481658163265303,0.0255854591836734,1993
1993-07-12,0.42969387755102,38.7900637755102,38.23541709183671,0.5547448979591832,1993
1993-08-09,0.0,77.2608877551021,77.12192984693887,0.137325255102041,1993
1993-08-16,0.22780612244898,20.653605867346943,20.430295918367364,0.2233099489795923,1993
1993-08-23,0.1552308673469385,23.819051020408164,23.52951147959183,0.2902091836734692,1993
1993-08-30,0.0,5.470020408163267,5.468387755102044,0.0,1993
1993-09-06,0.006797193877551,3.051926020408165,3.044557397959184,0.006797193877551,1993
1993-09-13,0.3806173469387763,14.2695548469388,13.885280612244914,0.3842742346938786,1993
1993-09-20,0.109302295918368,24.22726913265308,23.94899617346941,0.2783086734693881,1993
1993-09-27,0.2163660714285718,13.802158163265334,13.5429630102041,0.2591951530612249,1993
1993-10-04,0.0,1.1632079081632656,1.1632079081632656,0.0,1993
1993-10-11,0.0576288265306121,5.250257653061227,5.165446428571424,0.0818405612244898,1993
1993-10-18,0.1249145408163268,8.913262755102046,8.747292091836751,0.1675676020408165,1993
1993-10-25,0.0,0.6900612244897959,0.6900612244897959,0.0,1993
1993-11-01,0.0,0.4840420918367346,0.479920918367347,0.0,1993
1993-11-08,0.0,0.2688048469387755,0.2382857142857144,0.0,1993
1993-11-15,0.0,0.292799744897959,0.292799744897959,0.0,1993
1993-11-22,0.0,0.1634094387755102,0.1634094387755102,0.0,1993
1993-12-06,0.0,5.08011734693878,5.049580357142865,0.0305369897959184,1993
1993-12-13,0.4076530612244906,13.692739795918396,13.29258035714288,0.4001594387755113,1993
1993-12-20,0.0031938775510204,17.684553571428598,17.537909438775525,0.1436734693877553,1993
1993-12-27,0.0,1.5417168367346945,1.5417168367346945,0.0,1993
1994-01-03,0.1729681122448977,12.289931122448971,12.059919642857135,0.2328839285714282,1994
1994-01-10,0.0,0.6013609693877557,0.6013609693877557,0.0,1994
1994-01-17,0.0368163265306122,2.8649477040816294,2.813054846938772,0.0509655612244897,1994
1994-01-31,0.2943724489795918,59.24667474489801,58.52268112244901,0.7262946428571431,1994
1994-02-07,0.0278915816326531,5.776610969387761,5.728790816326538,0.0478201530612245,1994
1994-02-14,0.0,1.4156237244897971,1.4156237244897971,0.0,1994
1994-02-21,0.0047908163265306,0.9247130102040816,0.9183252551020408,0.0063877551020408,1994
1994-03-14,0.0013737244897959,17.112803571428582,17.109832908163277,0.0013737244897959,1994
1994-04-04,0.1648979591836736,111.06050255102056,110.0397423469389,1.02053698979592,1994
1994-04-11,0.0,8.68714668367347,8.68714668367347,0.0,1994
1994-05-09,0.2901288265306125,25.19900637755105,24.79888010204084,0.3997691326530617,1994
1994-05-16,0.1928698979591838,10.17992219387756,9.967470663265315,0.2079821428571431,1994
1994-05-23,0.1772104591836732,19.404463010204072,19.11027678571428,0.2941862244897955,1994
1994-05-30,0.0228214285714286,2.660988520408165,2.6340471938775534,0.0279043367346939,1994
1994-06-06,0.0,0.7218061224489799,0.7218061224489799,0.0,1994
1994-06-13,0.0,0.4358125000000002,0.4358125000000002,0.0,1994
1994-06-20,0.0,0.3935854591836736,0.3935854591836736,0.0,1994
1994-06-27,0.1693558673469389,5.697834183673467,5.531475765306133,0.1663584183673472,1994
1994-07-04,0.0,7.246141581632664,7.188591836734703,0.0575497448979593,1994
1994-07-11,0.2725803571428573,16.89992729591837,16.554931122448977,0.3440688775510204,1994
1994-08-22,0.0666173469387755,122.9200000000002,122.40500000000011,2.438177295918371,1994
1994-10-03,0.0,19.979732142857163,19.979732142857163,0.0,1994
1994-10-10,0.0,2.54042474489796,2.54042474489796,0.0,1994
1994-10-17,0.0,1.3228788265306128,1.3228788265306128,0.0,1994
1994-10-24,0.0,0.7128380102040819,0.7128380102040819,0.0,1994
1994-10-31,0.0,0.6571096938775512,0.6571096938775512,0.0,1994
1994-11-07,0.0,0.4643596938775512,0.4643596938775512,0.0,1994
1994-11-14,0.0,0.2660433673469388,0.2660433673469388,0.0,1994
1994-11-21,0.0,0.2581505102040816,0.2512818877551021,0.0,1994
1994-11-28,0.0,0.1146913265306123,0.1130586734693878,0.0,1994
1994-12-05,0.0,0.119485969387755,0.119485969387755,0.0,1994
1994-12-12,0.002781887755102,0.2993443877551021,0.2951887755102041,0.0041556122448979,1994
1994-12-19,0.0475306122448979,3.006283163265308,2.945764030612247,0.0618928571428571,1994
1994-12-26,0.0,0.3869413265306126,0.3836760204081635,0.0016326530612244,1994
1995-01-02,0.0,0.041984693877551,0.037640306122449,0.0,1995
1995-01-09,0.0712270408163264,4.19445663265306,4.104746173469385,0.0895854591836735,1995
1995-01-16,0.0427397959183672,3.4662397959183644,3.4077181122448943,0.0585216836734692,1995
1995-01-23,0.0462283163265306,1.9660012755102056,1.919772959183676,0.0477270408163266,1995
1995-02-06,0.0013737244897959,11.048218112244902,11.045247448979604,0.0013737244897959,1995
1995-02-13,0.0009272959183673,2.1776875000000007,2.175261479591837,0.0009272959183673,1995
1995-02-20,0.0,1.0202831632653069,1.0202831632653069,0.0,1995
1995-03-06,0.0013737244897959,2.795437500000004,2.7807806122449,0.0137295918367347,1995
1995-03-20,0.1740663265306119,23.265243622448992,23.038126275510216,0.2230943877551018,1995
1995-03-27,0.2922512755102042,12.224289540816354,11.936400510204097,0.2878890306122456,1995
1995-04-10,0.1177283163265304,13.80634948979591,13.63900892857142,0.1673405612244896,1995
1995-04-17,0.0,0.987957908163266,0.987957908163266,0.0,1995
1995-04-24,0.0,0.3808227040816327,0.3778252551020409,0.0,1995
1995-05-15,0.0,19.654746173469395,19.63515433673471,0.0179591836734694,1995
1995-05-22,0.0054948979591836,5.432288265306123,5.423599489795921,0.0070918367346938,1995
1995-05-29,0.0439591836734693,5.210627551020403,5.15047576530612,0.0628992346938774,1995
1995-06-05,0.0031938775510203,1.6850994897959186,1.6803086734693875,0.0047908163265306,1995
1995-06-12,0.1109056122448979,4.19147193877552,4.083563775510213,0.1079081632653061,1995
1995-06-19,0.0424489795918367,7.0681875000000085,6.978540816326541,0.0880497448979593,1995
1995-06-26,0.063877551020408,4.629961734693869,4.547367346938773,0.0825943877551018,1995
1995-07-03,0.309301020408164,23.43713392857144,23.01093494897961,0.4266454081632657,1995
1995-07-17,0.0082423469387755,5.224665816326533,5.213229591836736,0.0100624999999999,1995
1995-07-24,0.0839285714285715,4.0766084183673525,3.994178571428577,0.0824298469387756,1995
1995-09-18,0.081299744897959,19.77208545918368,19.645750000000003,0.1247028061224488,1995
1995-09-25,0.0479081632653059,7.09547193877551,7.033576530612247,0.0635280612244897,1995
1995-10-02,0.0,3.372176020408165,3.372176020408165,0.0,1995
1995-10-09,0.0015969387755101,1.5939719387755111,1.5759158163265314,0.0031938775510204,1995
1995-10-16,0.1069438775510202,8.250710459183669,8.094187499999988,0.1418533163265303,1995
1995-10-23,0.0,1.0389068877551024,1.0389068877551024,0.0,1995
1995-10-30,0.0574897959183673,3.776704081632652,3.70545025510204,0.072627551020408,1995
1995-11-06,0.0,1.001308673469388,1.001308673469388,0.0,1995
1995-11-13,0.0,0.3927142857142858,0.3927142857142858,0.0,1995
1995-11-20,0.0,0.4371301020408163,0.4371301020408163,0.0,1995
1995-11-27,0.0,0.2575369897959184,0.2575369897959184,0.0,1995
1995-12-04,0.0,0.2147283163265307,0.2147283163265307,0.0,1995
1995-12-11,0.0,0.1821785714285715,0.1821785714285715,0.0,1995
1995-12-18,0.0028724489795918,0.2424795918367348,0.2396071428571429,0.0028724489795918,1995
1995-12-25,0.0512091836734694,3.190353316326535,3.125784438775515,0.0645688775510204,1995
1996-01-01,0.0277551020408163,1.692508928571431,1.6601173469387775,0.033765306122449,1996
1996-01-08,0.0074936224489795,0.3298979591836738,0.3224043367346945,0.0074936224489795,1996
1996-01-15,0.0571466836734693,4.161446428571426,4.082674744897952,0.0772729591836734,1996
1996-01-22,0.0149336734693877,0.7892474489795921,0.7759107142857152,0.0149336734693877,1996
1996-02-05,0.0627959183673468,17.80483928571429,17.70592091836736,0.0959477040816326,1996
1996-02-19,0.155144132653061,10.766711734693882,10.568132653061223,0.1985790816326531,1996
1996-02-26,0.2919566326530617,11.92128954081635,11.616825255102054,0.3058380102040819,1996
1996-03-25,0.2502066326530613,34.75694515306126,34.358711734693905,0.3968596938775511,1996
1996-04-08,0.2674668367346942,39.45084693877551,39.05505102040818,0.3957602040816328,1996
1996-04-15,0.0798469387755099,11.332178571428566,11.229655612244898,0.1027461734693876,1996
1996-04-22,0.0069030612244898,4.624695153061225,4.613224489795919,0.0085,1996
1996-04-29,0.0036747448979591,2.942702806122449,2.937529336734695,0.0051734693877551,1996
1996-05-13,0.0930943877551023,10.88231632653062,10.756923469387768,0.1270255102040818,1996
1996-05-20,0.0,1.7818380102040818,1.7818380102040818,0.0,1996
1996-06-17,0.0,4.267130102040818,4.267130102040818,0.0,1996
1996-06-24,0.4433392857142853,33.10082653061222,32.494153061224466,0.6037028061224482,1996
1996-07-15,0.0288482142857142,2.996052295918368,2.9609859693877563,0.0350663265306122,1996
1996-08-12,0.3333839285714287,37.760127551020425,37.32361479591838,0.4365127551020409,1996
1996-08-26,0.0199732142857142,44.46844897959189,44.10484566326534,0.3649770408163272,1996
1996-09-02,0.023954081632653,6.898508928571431,6.866793367346937,0.0317155612244897,1996
1996-09-09,0.109387755102041,7.594864795918379,7.4656288265306205,0.1299056122448982,1996
1996-09-16,0.2352079081632657,15.92370918367349,15.6198367346939,0.3036492346938778,1996
1996-09-30,0.2160892857142862,28.90937627551021,28.55383035714289,0.355545918367348,1996
1996-10-07,0.0009272959183673,2.260720663265307,2.25979336734694,0.0009272959183673,1996
1996-10-14,0.168434948979592,10.938063775510209,10.72351785714286,0.2131721938775511,1996
1996-10-21,0.0,1.6382155612244904,1.6307576530612269,0.0074579081632653,1996
1996-10-28,0.0,0.3193584183673471,0.2850484693877552,0.0,1996
1996-11-04,0.0,0.3007359693877551,0.3007359693877551,0.0,1996
1996-11-11,0.0,0.2064566326530613,0.2064566326530613,0.0,1996
1996-11-18,0.0,0.1604897959183673,0.1604897959183673,0.0,1996
1996-11-25,0.0,0.133265306122449,0.133265306122449,0.0,1996
1996-12-02,0.2487882653061228,8.013728316326539,7.76943622448981,0.2442920918367352,1996
1996-12-09,0.0,10.722242346938785,10.637679846938786,0.0861951530612246,1996
1996-12-16,0.0,0.9477640306122448,0.9477640306122448,0.0,1996
1996-12-23,0.0025599489795918,0.5149196428571431,0.5123596938775512,0.0025599489795918,1996
1996-12-30,0.0,0.1943571428571429,0.1943571428571429,0.0,1996
1997-01-13,0.0229795918367347,22.076371173469404,22.027278061224504,0.0504668367346939,1997
1997-01-20,0.0,5.552029336734694,5.546204081632654,0.0058252551020408,1997
1997-01-27,0.0083673469387755,2.79484693877551,2.783383928571429,0.0101874999999999,1997
1997-03-03,0.0,4.018475765306125,4.018475765306125,0.0,1997
1997-03-17,0.1633724489795918,60.35341709183677,59.69912755102049,0.6526568877551024,1997
1997-04-07,0.0424489795918367,48.215052295918426,47.806344387755125,0.4087079081632659,1997
1997-04-14,0.426798469387755,28.64659311224492,28.12085331632656,0.5257397959183677,1997
1997-04-21,0.0032653061224489,7.244813775510211,7.197987244897964,0.0468265306122449,1997
1997-04-28,0.0,2.03333418367347,2.03333418367347,0.0,1997
1997-05-05,0.3177908163265301,21.872823979591804,21.45624872448979,0.4165752551020398,1997
1997-05-12,0.4693405612244904,20.630432397959225,20.13067091836736,0.4981645408163271,1997
1997-05-26,0.0,5.024006377551028,5.013283163265314,0.0090905612244898,1997
1997-06-02,0.0389668367346939,2.4428278061224504,2.4038609693877566,0.037468112244898,1997
1997-06-23,0.0313482142857143,23.56228698979595,23.504816326530623,0.0574706632653061,1997
1997-07-28,0.0255510204081631,14.007558673469392,13.877461734693886,0.1269655612244899,1997
1997-09-01,0.0,12.957137755102044,12.957137755102044,0.0,1997
1997-09-15,0.0,88.50798214285723,87.8620612244899,0.644288265306123,1997
1997-10-06,0.0,19.36293877551024,19.29956377551022,0.063375,1997
1997-10-13,0.0750586734693878,5.7122793367346985,5.628228316326536,0.0840510204081633,1997
1997-10-27,0.4329426020408163,32.357672193877555,31.77808545918367,0.5825573979591836,1997
1997-11-10,0.0,33.24153443877554,32.98432270408165,0.2555790816326534,1997
1997-11-17,0.0,3.335963010204084,3.335963010204084,0.0,1997
1997-11-24,0.0031938775510203,1.810526785714286,1.8073329081632656,0.0031938775510203,1997
1997-12-01,0.0351326530612244,2.701718112244896,2.6568443877551045,0.0448737244897958,1997
1997-12-08,0.0,0.7692793367346944,0.7692793367346944,0.0,1997
1997-12-15,0.0,0.4551326530612246,0.4551326530612246,0.0,1997
1997-12-22,0.0,0.2721658163265307,0.2721658163265307,0.0,1997
1997-12-29,0.2500255102040828,22.23509438775511,21.861382653061224,0.3750854591836744,1997
1998-01-05,0.0,1.7178775510204085,1.7178775510204085,0.0,1998
1998-01-12,0.0,0.6609234693877555,0.6609234693877555,0.0,1998
1998-02-09,0.0228571428571428,2.6581517857142862,2.626946428571432,0.0295727040816327,1998
1998-03-09,0.1218367346938774,16.144741071428584,15.986061224489806,0.1559323979591838,1998
1998-03-23,0.0675676020408164,51.688475765306144,51.22804719387761,0.4610000000000001,1998
1998-03-30,0.1086492346938777,11.470992346938786,11.3281849489796,0.1403813775510206,1998
1998-04-06,0.1152232142857143,10.680559948979598,10.504469387755105,0.1702117346938776,1998
1998-04-20,0.1469885204081632,46.59216581632658,46.15915051020409,0.4315165816326537,1998
1998-04-27,0.0,10.029431122448983,10.018707908163266,0.0107232142857143,1998
1998-05-04,0.0029706632653061,4.486154336734695,4.484780612244901,0.0029706632653061,1998
1998-05-18,0.2667831632653063,22.82867729591839,22.48999107142859,0.3331556122448981,1998
1998-05-25,0.0031938775510203,5.256585459183675,5.210089285714292,0.0455688775510204,1998
1998-06-01,0.0,0.757591836734694,0.757591836734694,0.0,1998
1998-06-08,0.0,0.6523329081632656,0.6523329081632656,0.0,1998
1998-06-22,0.0464604591836735,10.480466836734704,10.400204081632657,0.0817704081632654,1998
1998-06-29,0.015969387755102,3.569767857142859,3.533387755102041,0.0381377551020408,1998
1998-07-06,0.0,0.7319413265306128,0.7319413265306128,0.0,1998
1998-07-27,0.4440178571428564,92.22260204081634,91.6294477040816,0.5917806122448968,1998
1998-08-03,0.0302219387755101,20.02077551020408,19.980748724489803,0.0400267857142856,1998
1998-08-10,0.0467066326530613,10.916927295918368,10.856607142857149,0.0601951530612245,1998
1998-08-31,0.0,20.386378826530628,20.24100127551021,0.1453775510204083,1998
1998-09-21,0.0,8.661113520408167,8.661113520408167,0.0,1998
1998-09-28,0.2858724489795914,22.046327806122417,21.653014030612205,0.3946874999999994,1998
1998-10-19,0.3268316326530612,48.50951403061225,48.0909974489796,0.4187755102040816,1998
1998-10-26,0.22780612244898,20.04507653061226,19.773307397959204,0.2734017857142861,1998
1998-11-02,0.060329081632653,15.385969387755113,15.229645408163284,0.1549502551020409,1998
1998-11-09,0.0,2.6658992346938777,2.6658992346938777,0.0,1998
1998-11-16,0.0,1.2126683673469396,1.1894732142857152,0.0,1998
1998-11-23,0.0,1.076182397959184,1.076182397959184,0.0,1998
1998-11-30,0.0,0.6958954081632653,0.6958954081632653,0.0,1998
1998-12-07,0.0,0.6307627551020408,0.6307627551020408,0.0,1998
1998-12-14,0.0,0.380625,0.380625,0.0,1998
1998-12-21,0.0,0.336797193877551,0.3352002551020408,0.0,1998
1998-12-28,0.1363839285714287,4.526172193877554,4.391286989795927,0.1348852040816329,1998
1999-01-04,0.1533265306122451,14.19411862244901,13.961906887755127,0.2331390306122452,1999
1999-01-11,0.0,0.2681313775510205,0.2681313775510205,0.0,1999
1999-01-25,0.0143724489795918,9.130312500000006,9.09703698979592,0.0278788265306122,1999
1999-02-15,0.0,5.228892857142858,5.227295918367349,0.0,1999
1999-03-29,0.0,16.401434948979603,16.386778061224504,0.0123558673469388,1999
1999-04-05,0.0,4.448876275510206,4.448876275510206,0.0,1999
1999-04-12,0.119770408163265,8.352049744897956,8.200505102040818,0.1514196428571426,1999
1999-04-19,0.0429030612244898,4.457144132653065,4.405358418367351,0.0517857142857143,1999
1999-04-26,0.0059413265306122,1.7767869897959183,1.7662780612244895,0.0091352040816326,1999
1999-05-17,0.115873724489796,10.252714285714294,10.101753826530622,0.1523341836734695,1999
1999-05-24,0.0139094387755102,2.299387755102043,2.273452806122452,0.027531887755102,1999
1999-05-31,0.3606071428571433,21.95893750000004,21.51456250000004,0.4441517857142867,1999
1999-06-14,0.0,3.1464413265306144,3.1464413265306144,0.0,1999
1999-06-28,0.1514081632653065,13.140779336734706,12.925984693877568,0.2138673469387758,1999
1999-07-12,0.1330497448979595,16.80625637755103,16.570045918367356,0.2378073979591841,1999
1999-07-19,0.0255510204081631,2.208483418367346,2.175938775510202,0.0339183673469387,1999
1999-08-30,0.1399553571428569,14.804339285714292,14.630244897959187,0.1752806122448979,1999
1999-09-06,0.0,4.584651785714288,4.572554846938778,0.0107232142857143,1999
1999-09-13,0.0656173469387755,6.423651785714284,6.329924744897959,0.0927997448979591,1999
1999-09-20,0.0326530612244898,2.760447704081635,2.7014375000000013,0.0395905612244898,1999
1999-09-27,0.0041211734693877,1.0701096938775512,1.064391581632653,0.0057181122448979,1999
1999-10-04,0.0,0.7214872448979592,0.7214872448979592,0.0,1999
1999-10-11,0.0,0.5504579081632656,0.5504579081632656,0.0,1999
1999-10-25,0.0029706632653061,5.332204081632656,5.330607142857145,0.0029706632653061,1999
1999-11-01,0.0,1.6147219387755103,1.6147219387755103,0.0,1999
1999-11-08,0.0,0.8102142857142857,0.8102142857142857,0.0,1999
1999-11-15,0.0013737244897959,0.5072767857142858,0.5059030612244899,0.0013737244897959,1999
1999-11-22,0.0,0.3671479591836734,0.3671479591836734,0.0,1999
1999-11-29,0.0,0.2668966836734694,0.2668966836734694,0.0,1999
1999-12-06,0.015281887755102,0.7279119897959188,0.7112563775510209,0.0166556122448979,1999
1999-12-13,0.0025599489795918,0.666248724489796,0.659496173469388,0.0058252551020408,1999
1999-12-20,0.0,0.128140306122449,0.128140306122449,0.0,1999
1999-12-27,0.0,0.061859693877551,0.061859693877551,0.0,1999
2000-01-03,0.0757780612244897,5.528654336734689,5.425728316326524,0.1029260204081631,2000
2000-01-17,0.0,2.138109693877552,2.138109693877552,0.0,2000
2000-02-07,0.0018545918367347,3.114589285714287,3.1127346938775524,0.0032283163265306,2000
2000-02-14,0.0,0.7528392857142859,0.7528392857142859,0.0,2000
2000-03-06,0.0,4.553788265306125,4.553788265306125,0.0,2000
2000-03-13,0.0,2.199357142857144,2.199357142857144,0.0,2000
2000-03-27,0.0,6.584640306122454,6.578109693877557,0.0065306122448979,2000
2000-04-03,0.0089119897959183,1.0725255102040825,1.0607410714285717,0.0117844387755102,2000
2000-04-10,0.1277385204081631,9.138996173469376,8.965491071428557,0.1704094387755099,2000
2000-04-17,0.4570140306122453,34.7710931122449,34.13836479591836,0.633432397959183,2000
2000-04-24,0.0046033163265306,1.3896364795918377,1.380786989795919,0.0046033163265306,2000
2000-05-01,0.1853010204081637,14.908272959183668,14.649723214285704,0.261520408163266,2000
2000-05-15,0.0,8.65619005102041,8.60190561224491,0.0542844387755103,2000
2000-05-22,0.2045318877551017,15.51119770408161,15.228639030612214,0.2834859693877547,2000
2000-05-29,0.1653992346938772,10.525965561224483,10.316667091836734,0.2092984693877547,2000
2000-06-05,0.3729477040816329,23.878780612244945,23.41554719387758,0.4638048469387761,2000
2000-06-12,0.4565994897959194,20.89103443877553,20.389000000000035,0.5034081632653067,2000
2000-06-26,0.1930931122448977,18.4935650510204,18.23090306122449,0.2610293367346936,2000
2000-07-03,0.0076798469387755,3.1152614795918376,3.1052806122449,0.0099808673469388,2000
2000-07-10,0.0,1.2434770408163267,1.2434770408163267,0.0,2000
2000-07-24,0.1012244897959186,145.94606760204096,144.8086887755105,1.138048469387758,2000
2000-08-07,0.270237244897959,53.02535586734695,52.65875255102041,0.3656760204081626,2000
2000-08-14,0.0063877551020408,11.954466836734696,11.94670535714286,0.0093584183673469,2000
2000-08-21,0.0179094387755102,6.345179846938777,6.323149234693879,0.020656887755102,2000
2000-09-04,0.0054948979591836,41.2378073979592,41.189899234693904,0.0479081632653061,2000
2000-09-18,0.0054948979591836,22.235739795918374,22.22705102040817,0.0087244897959183,2000
2000-09-25,0.0,6.743003826530613,6.743003826530613,0.0,2000
2000-10-02,0.0308469387755102,4.449339285714287,4.412497448979595,0.0368418367346939,2000
2000-10-09,0.0170216836734693,2.6878686224489803,2.663460459183675,0.0228112244897959,2000
2000-10-16,0.038625,3.88412755102041,3.829463010204082,0.0555918367346939,2000
2000-10-23,0.0,0.715762755102041,0.715762755102041,0.0,2000
2000-10-30,0.0,0.6007780612244898,0.6007780612244898,0.0,2000
2000-11-06,0.0,0.412811224489796,0.412811224489796,0.0,2000
2000-11-13,0.0,0.395389030612245,0.3926415816326531,0.0,2000
2000-11-20,0.0029974489795918,0.2648801020408166,0.240498724489796,0.0029974489795918,2000
2000-11-27,0.0031938775510203,0.4254464285714283,0.4203979591836733,0.006423469387755,2000
2000-12-04,0.0,0.1190038265306122,0.1190038265306122,0.0,2000
2000-12-11,0.0,0.0910063775510204,0.0910063775510204,0.0,2000
2000-12-18,0.0,0.0978545918367347,0.0978545918367347,0.0,2000
2000-12-25,0.103654336734694,3.8230038265306185,3.715667091836739,0.1046785714285715,2000
2001-01-08,0.0,3.476206632653063,3.476206632653063,0.0,2001
2001-01-15,0.015969387755102,2.050610969387756,2.02870025510204,0.0219107142857142,2001
2001-01-22,0.0,18.05544260204084,17.52239668367352,0.5330459183673484,2001
2001-01-29,0.0,96.32845408163271,94.56360969387764,1.7624183673469402,2001
2001-02-05,0.0,13.26958673469388,13.08861479591836,0.1800446428571426,2001
2001-02-12,0.0,0.4896607142857146,0.4896607142857146,0.0,2001
2001-02-19,0.0,7.532913265306123,7.379045918367349,0.1568380102040815,2001
2001-02-26,0.0,17.980125000000033,17.454545918367376,0.5255790816326538,2001
2001-03-05,0.0,52.98067857142858,52.16138137755108,0.8195204081632658,2001
2001-03-12,0.0,142.81954209183658,140.0107193877548,2.809528061224484,2001
2001-03-19,0.0,16.127104591836755,15.987519132653077,0.1408341836734696,2001
2001-03-26,0.0,2.858197704081632,2.8391875,0.0155573979591836,2001
2001-04-02,0.0,31.758334183673508,31.10428061224492,0.6554272959183682,2001
2001-04-16,0.0,75.53095790816334,74.76226147959196,0.7686964285714296,2001
2001-04-23,0.0,2.059714285714287,2.059714285714287,0.0,2001
2001-04-30,0.0,142.36834693877557,139.26999872448982,3.09671556122449,2001
2001-05-07,0.0,145.8274757653064,143.26172831632684,2.567344387755106,2001
2001-05-14,0.0,97.33238647959182,95.30773979591837,2.026243622448979,2001
2001-05-21,0.0,26.79464795918372,26.386960459183708,0.4053864795918369,2001
2001-05-28,0.0,10.392580357142863,10.31291581632654,0.0802359693877552,2001
2001-06-04,0.0,18.542477040816348,17.990557397959222,0.5241007653061227,2001
2001-06-11,0.0,36.92474234693882,36.370799744898015,0.5555395408163275,2001
2001-06-18,0.0,3.6406849489795934,3.5984221938775534,0.0431900510204082,2001
2001-06-25,0.0,15.802516581632664,15.390371173469394,0.4121454081632655,2001
2001-07-09,0.0,74.15332525510208,72.66881760204073,1.4854349489795875,2001
2001-08-20,0.0,102.37270025510212,100.4285280612246,1.944172193877552,2001
2001-09-03,0.0,44.863178571428605,44.82796556122453,0.0352130102040817,2001
2001-09-10,0.0,5.43725,5.43725,0.0,2001
2001-09-17,0.0,2.5698073979591847,2.5698073979591847,0.0,2001
2001-09-24,0.0,4.572036989795919,4.502151785714284,0.0713839285714285,2001
2001-10-01,0.0,29.29028571428569,28.756973214285697,0.534239795918367,2001
2001-10-08,0.0,2.2505114795918377,2.2505114795918377,0.0,2001
2001-10-15,0.0,1.3810650510204086,1.3769438775510208,0.0041211734693877,2001
2001-10-22,0.0,0.6716198979591839,0.6716198979591839,0.0,2001
2001-10-29,0.0,2.117747448979592,2.081339285714285,0.0349094387755101,2001
2001-11-05,0.0,0.4786160714285715,0.4786160714285715,0.0,2001
2001-11-12,0.0,0.2873507653061224,0.2873507653061224,0.0,2001
2001-11-19,0.0,0.314438775510204,0.314438775510204,0.0,2001
2001-11-26,0.0,0.1787589285714285,0.1787589285714285,0.0,2001
2001-12-03,0.0,0.1718150510204082,0.1718150510204082,0.0,2001
2001-12-10,0.0,0.1221747448979592,0.1221747448979592,0.0,2001
2001-12-17,0.0,0.1374413265306121,0.1360676020408162,0.0013737244897959,2001
2001-12-24,0.0,0.0827551020408163,0.0827551020408163,0.0,2001
2001-12-31,0.0,74.11949362244891,72.74095408163261,1.3770408163265304,2001
2002-01-07,0.0,14.17023214285716,13.97543750000001,0.1963915816326529,2002
2002-01-14,0.0,4.107419642857144,4.068711734693879,0.0419375,2002
2002-01-21,0.0,3.0750752551020413,3.033414540816331,0.0416607142857143,2002
2002-01-28,0.0,62.64892219387763,61.35463647959193,1.2958826530612255,2002
2002-02-04,0.0,14.320836734693886,14.1545280612245,0.1672359693877552,2002
2002-02-11,0.0,0.7507831632653066,0.7507831632653066,0.0,2002
2002-02-18,0.0,0.8689362244897972,0.8497028061224502,0.0192334183673469,2002
2002-02-25,0.0,0.7736084183673475,0.7677831632653066,0.0058252551020408,2002
2002-03-04,0.0,0.163922193877551,0.163922193877551,0.0,2002
2002-03-11,0.0,137.074556122449,134.6512831632654,2.4232729591836795,2002
2002-03-25,0.0,26.32621173469389,26.208875000000024,0.1158380102040817,2002
2002-04-01,0.0,23.672727040816333,23.1943660714286,0.4798596938775517,2002
2002-04-08,0.0,28.265553571428608,27.97275892857148,0.296024234693878,2002
2002-04-15,0.0,3.824285714285715,3.8210918367346944,0.0045676020408163,2002
2002-04-29,0.0,24.665113520408163,24.32180994897959,0.3435625,2002
2002-05-06,0.0,3.386830357142858,3.371834183673472,0.0120255102040816,2002
2002-05-13,0.0,3.927128826530612,3.860336734693877,0.0651951530612244,2002
2002-05-20,0.0,1.0877410714285718,1.0861084183673475,0.0,2002
2002-05-27,0.0,10.061553571428574,9.852806122448978,0.2087474489795916,2002
2002-06-03,0.0,2.24932780612245,2.234429846938777,0.0148979591836734,2002
2002-06-10,0.0,58.041272959183694,56.75940688775513,1.281642857142858,2002
2002-06-17,0.0,23.404891581632675,23.186747448979613,0.2195178571428576,2002
2002-06-24,0.0,4.005790816326534,3.932202806122453,0.0749617346938776,2002
2002-07-01,0.0,4.947931122448978,4.863147959183669,0.0847831632653059,2002
2002-07-08,0.0,0.5607602040816329,0.5561301020408169,0.0046301020408163,2002
2002-07-22,0.0,51.16850510204079,50.37503443877551,0.7934706632653068,2002
2002-07-29,0.0,5.679094387755106,5.624394132653067,0.051827806122449,2002
2002-08-05,0.0,9.03466709183674,8.843854591836735,0.1908125,2002
2002-08-12,0.0,56.970269132653065,55.907943877551006,1.0636989795918386,2002
2002-08-19,0.0,6.714427295918374,6.629714285714297,0.0847130102040817,2002
2002-08-26,0.0,0.5559158163265308,0.5559158163265308,0.0,2002
2002-09-02,0.0,15.410785714285709,15.158099489795926,0.2513125000000005,2002
2002-09-16,0.0,45.12217091836738,44.71452423469395,0.4076466836734697,2002
2002-09-23,0.0,10.41476147959184,10.318489795918364,0.0999464285714284,2002
2002-09-30,0.0,3.212957908163266,3.212957908163266,0.0,2002
2002-10-07,0.0,2.689250000000001,2.6616760204081644,0.0285012755102041,2002
2002-10-14,0.0,2.3842920918367345,2.353275510204081,0.031016581632653,2002
2002-10-21,0.0,0.7111836734693883,0.7095510204081636,0.0,2002
2002-10-28,0.0,0.4973520408163265,0.4973520408163265,0.0,2002
2002-11-04,0.0,0.3903992346938777,0.3903992346938777,0.0,2002
2002-11-11,0.0,3.6048239795918393,3.5464566326530647,0.0553966836734694,2002
2002-11-18,0.0,0.3724285714285714,0.3724285714285714,0.0,2002
2002-11-25,0.0,6.907551020408162,6.768830357142848,0.138720663265306,2002
2002-12-02,0.0,0.8909515306122453,0.8893188775510208,0.0,2002
2002-12-09,0.0,0.2723788265306123,0.2723788265306123,0.0,2002
2002-12-16,0.0,0.1423520408163265,0.1423520408163265,0.0,2002
2002-12-23,0.0,0.5264375000000006,0.5165714285714291,0.0083673469387755,2002
2002-12-30,0.0,9.57910204081634,9.383628826530629,0.1911288265306125,2002
2003-01-06,0.0,3.1943698979591875,3.139544642857146,0.0576977040816327,2003
2003-01-13,0.0,1.536375000000002,1.5114234693877562,0.0248176020408163,2003
2003-01-20,0.0,0.5208469387755109,0.5166543367346943,0.0032653061224489,2003
2003-01-27,0.0,0.3004566326530614,0.2944885204081633,0.0042461734693877,2003
2003-02-03,0.0,23.0154158163265,22.57838520408159,0.4370306122448978,2003
2003-02-10,0.0,142.10587117346947,139.16647704081635,2.939394132653061,2003
2003-02-17,0.0,32.31347704081633,31.932508928571423,0.3805216836734694,2003
2003-02-24,0.0,1.789998724489798,1.7809081632653083,0.0090905612244898,2003
2003-03-10,0.0,77.9418877551021,77.65139158163272,0.2907193877551025,2003
2003-03-17,0.0,13.6439068877551,13.640641581632652,0.0032653061224489,2003
2003-03-24,0.0,6.327375000000002,6.327375000000002,0.0,2003
2003-03-31,0.0,163.5086428571427,160.6132614795919,2.894809948979596,2003
2003-04-07,0.0,117.06947448979597,114.80168494897956,2.2693864795918373,2003
2003-04-14,0.0,14.499688775510217,14.422325255102058,0.0773635204081633,2003
2003-04-21,0.0,2.311522959183676,2.311522959183676,0.0,2003
2003-04-28,0.0,140.78900382653086,137.61973086734696,3.167676020408168,2003
2003-05-05,0.0,112.82627040816324,111.23479719387754,1.59444387755102,2003
2003-05-12,0.0,7.136775510204087,7.114286989795922,0.0224885204081632,2003
2003-05-19,0.0,2.1091288265306134,2.1091288265306134,0.0,2003
2003-05-26,0.0,1.255164540816327,1.2537908163265308,0.0013737244897959,2003
2003-06-02,0.0,5.016161989795912,4.933360969387751,0.0814272959183671,2003
2003-06-09,0.0,25.23733290816329,24.70772193877553,0.5281122448979595,2003
2003-06-16,0.0,137.6645446428571,135.07993112244904,2.583239795918368,2003
2003-06-23,0.0,4.989196428571432,4.98619897959184,0.0029974489795918,2003
2003-06-30,0.0,3.182390306122453,3.126839285714289,0.0571836734693878,2003
2003-07-14,0.0,21.072056122449016,20.76112500000001,0.308094387755102,2003
2003-09-01,0.0,23.87097576530613,23.83398086734694,0.0353979591836735,2003
2003-09-22,0.0,19.98530229591837,19.883434948979595,0.1050612244897958,2003
2003-09-29,0.0,5.320063775510206,5.305140306122452,0.0016326530612244,2003
2003-10-06,0.0,3.29336224489796,3.1419872448979604,0.0380178571428571,2003
2003-10-13,0.0,2.364928571428572,2.364928571428572,0.0,2003
2003-10-20,0.0,1.3972882653061227,1.3972882653061227,0.0,2003
2003-10-27,0.0,0.7618367346938777,0.6471836734693881,0.0,2003
2003-11-03,0.0,0.972511479591837,0.9633073979591836,0.0060102040816326,2003
2003-11-10,0.0,0.3748507653061224,0.3748507653061224,0.0,2003
2003-11-17,0.0,0.269280612244898,0.269280612244898,0.0,2003
2003-11-24,0.0,0.2498788265306122,0.2471313775510204,0.0,2003
2003-12-01,0.0,4.184681122448984,4.107043367346941,0.0697691326530613,2003
2003-12-08,0.0,0.4057602040816326,0.4057602040816326,0.0,2003
2003-12-15,0.0,0.2679668367346939,0.2656658163265307,0.0038979591836734,2003
2003-12-22,0.0,4.503293367346939,4.4319783163265365,0.0729119897959183,2003
2003-12-29,0.0,0.3827844387755102,0.3827844387755102,0.0,2003
2004-01-05,0.0,0.1531007653061225,0.1531007653061225,0.0,2004
2004-01-12,0.0,0.5544834183673473,0.5416913265306127,0.0122206632653061,2004
2004-01-19,0.0,38.14473596938775,37.31973852040816,0.8249974489795916,2004
2004-01-26,0.0,44.40287244897962,43.61803061224493,0.7848418367346942,2004
2004-02-09,0.0,98.42913775510203,97.57848852040831,0.8490522959183678,2004
2004-02-16,0.0,19.596674744897964,19.37052040816326,0.2277512755102043,2004
2004-02-23,0.0,23.21178954081635,22.721214285714307,0.4896479591836741,2004
2004-03-01,0.0,20.67422704081635,20.30681760204084,0.3689081632653067,2004
2004-03-08,0.0,46.81462499999998,45.93427295918367,0.8817257653061231,2004
2004-03-15,0.0,19.64621938775514,19.34678061224492,0.2978418367346944,2004
2004-03-22,0.0,1.5389553571428574,1.5244795918367349,0.0160727040816326,2004
2004-03-29,0.0,0.6496313775510204,0.6437882653061227,0.004344387755102,2004
2004-04-05,0.0,0.3375943877551021,0.3375943877551021,0.0,2004
2004-04-12,0.0,12.394887755102047,12.021830357142884,0.3730573979591836,2004
2004-04-26,0.0,7.925719387755115,7.84314668367348,0.0809400510204083,2004
2004-05-03,0.0,18.464549744897937,18.14074234693877,0.3283749999999998,2004
2004-05-10,0.0,7.4802602040816435,7.315720663265311,0.1645395408163268,2004
2004-05-17,0.0,105.8018839285717,103.6664668367349,2.135676020408165,2004
2004-05-24,0.0,4.89566709183674,4.889538265306127,0.0061288265306122,2004
2004-05-31,0.0,2.698820153061227,2.682042091836735,0.0167780612244898,2004
2004-06-07,0.0,1.416732142857143,1.4093112244897965,0.0074209183673469,2004
2004-06-14,0.0,23.254811224489806,22.796517857142867,0.4611658163265306,2004
2004-06-21,0.0,45.56774234693884,44.504570153061294,1.064545918367349,2004
2004-06-28,0.0,86.87616454081646,85.14792984693888,1.7300548469387789,2004
2004-07-05,0.0,75.18079846938781,73.95750255102053,1.2217971938775531,2004
2004-07-12,0.0,111.93959821428544,109.7880408163264,2.1529311224489733,2004
2004-07-19,0.0,25.51902551020408,25.11432525510204,0.4039961734693874,2004
2004-07-26,0.0,16.753464285714273,16.448945153061214,0.3051887755102035,2004
2004-08-02,0.0,105.19519770408162,103.12569387755096,2.0662742346938776,2004
2004-08-09,0.0,5.217294642857147,5.194474489795924,0.0230433673469388,2004
2004-08-16,0.0,105.16866581632644,102.83534948979587,2.331272959183671,2004
2004-08-30,0.0,28.688743622449003,28.68290051020411,0.0057181122448979,2004
2004-09-06,0.0,6.112889030612246,6.111256377551022,0.0,2004
2004-09-13,0.0,3.450951530612245,3.441713010204082,0.0092385204081633,2004
2004-09-20,0.0,1.8349961734693885,1.8349961734693885,0.0,2004
2004-09-27,0.0,2.123158163265308,2.0906875000000023,0.0324706632653061,2004
2004-10-04,0.0,1.5737627551020417,1.5536301020408163,0.0196862244897959,2004
2004-10-11,0.0,69.75111479591844,68.27788010204081,1.4701390306122448,2004
2004-10-18,0.0,167.8965931122448,164.79511734693872,3.100102040816327,2004
2004-10-25,0.0,11.572219387755108,11.56405612244899,0.0081632653061224,2004
2004-11-01,0.0,1.8767244897959183,1.8767244897959183,0.0,2004
2004-11-08,0.0,0.7542448979591837,0.7542448979591837,0.0,2004
2004-11-15,0.0,0.4037806122448982,0.3797385204081634,0.0,2004
2004-11-22,0.0,0.5337002551020408,0.5262780612244902,0.0058252551020408,2004
2004-11-29,0.0,13.644298469387772,13.36020408163267,0.2840943877551022,2004
2004-12-06,0.0,15.395169642857178,15.124340561224509,0.2708290816326533,2004
2004-12-13,0.0,0.9067066326530618,0.9067066326530618,0.0,2004
2004-12-20,0.0,0.6868341836734693,0.6797423469387754,0.0057181122448979,2004
2004-12-27,0.0,0.4679987244897954,0.463207908163265,0.0063877551020408,2004
2005-01-03,0.0,0.2236849489795918,0.2236849489795918,0.0,2005
2005-01-10,0.0,0.1108163265306122,0.1108163265306122,0.0,2005
2005-01-17,0.0,33.78622704081636,33.0118647959184,0.7740497448979605,2005
2005-01-24,0.0,15.346780612244912,15.21865688775513,0.1258227040816328,2005
2005-01-31,0.0,4.66877423469387,4.591468112244891,0.0743354591836734,2005
2005-02-14,0.0,36.12938903061226,35.79232397959184,0.3355663265306124,2005
2005-02-21,0.0,62.5923915816328,60.7478635204083,1.843029336734696,2005
2005-03-07,0.0,17.76919897959184,17.76756632653062,0.0032653061224489,2005
2005-03-14,0.0,38.0331836734694,37.2633099489796,0.770579081632653,2005
2005-03-28,0.0,62.16940306122456,61.48657142857144,0.6818686224489807,2005
2005-04-04,0.0,19.81695280612246,19.53356377551021,0.2850216836734694,2005
2005-04-11,0.0,4.389735969387755,4.388103316326532,0.0016326530612244,2005
2005-04-18,0.0,2.480410714285714,2.480410714285714,0.0,2005
2005-04-25,0.0,1.2298367346938777,1.2298367346938777,0.0,2005
2005-05-02,0.0,1.100447704081633,1.100447704081633,0.0,2005
2005-05-23,0.0,22.143534438775514,21.994015306122456,0.1494834183673467,2005
2005-05-30,0.0,26.477260204081578,26.023410714285664,0.4522525510204072,2005
2005-06-06,0.0,112.27491454081635,109.80163647959188,2.4719043367346933,2005
2005-06-13,0.0,165.33744770408143,162.52382908163244,2.8121198979591777,2005
2005-06-20,0.0,8.234982142857147,8.233349489795923,0.0,2005
2005-07-04,0.0,29.795303571428608,29.56888775510208,0.2250420918367352,2005
2005-07-11,0.0,22.59373469387754,22.161424744897943,0.4278405612244895,2005
2005-08-01,0.0,10.01417602040817,9.93588647959184,0.0383660714285715,2005
2005-08-08,0.0,4.394784438775512,4.388460459183675,0.0063239795918367,2005
2005-08-29,0.0,8.347169642857148,8.339274234693884,0.0104196428571428,2005
2005-09-05,0.0,2.4559426020408166,2.3829617346938785,0.0016326530612244,2005
2005-09-12,0.0,0.8841262755102043,0.8841262755102043,0.0,2005
2005-09-19,0.0,0.472747448979592,0.4159196428571431,0.0,2005
2005-10-03,0.0,45.7732053571429,45.334089285714334,0.4391160714285717,2005
2005-10-10,0.0,15.00291581632655,14.77657653061226,0.2293099489795921,2005
2005-10-17,0.0,1.3693928571428573,1.3652716836734704,0.0,2005
2005-10-24,0.0,0.5692640306122454,0.4909094387755107,0.0,2005
2005-10-31,0.0,0.5266632653061224,0.5266632653061224,0.0,2005
2005-11-07,0.0,0.3031186224489796,0.3031186224489796,0.0,2005
2005-11-14,0.0,0.1995280612244898,0.1995280612244898,0.0,2005
2005-11-21,0.0,0.1805522959183674,0.1805522959183674,0.0,2005
2005-11-28,0.0,0.130905612244898,0.130905612244898,0.0,2005
2005-12-05,0.0,0.0580229591836735,0.0535535714285714,0.0,2005
2005-12-12,0.0,0.0654094387755102,0.0654094387755102,0.0,2005
2005-12-19,0.0,0.0404451530612244,0.0404451530612244,0.0,2005
2005-12-26,0.0,0.0293035714285714,0.0293035714285714,0.0,2005
2006-01-02,0.0,0.0269323979591836,0.0269323979591836,0.0,2006
2006-01-09,0.0,33.274080357142864,32.57496938775511,0.696140306122449,2006
2006-01-16,0.0,57.94303698979586,56.87060714285713,1.0717602040816303,2006
2006-01-23,0.0,34.002165816326574,33.37415306122453,0.6279145408163271,2006
2006-01-30,0.0,81.31374872448971,79.73413265306117,1.5782423469387743,2006
2006-02-06,0.0,12.283403061224488,12.133521683673465,0.149658163265306,2006
2006-02-13,0.0,80.51003698979581,78.91089923469374,1.599039540816323,2006
2006-02-27,0.0,20.95628571428573,20.66628698979593,0.2867691326530614,2006
2006-03-06,0.0,74.10693367346936,72.86292729591842,1.243338010204084,2006
2006-03-13,0.0,14.933612244897944,14.732167091836724,0.201570153061224,2006
2006-03-20,0.0,64.30065051020418,62.94474107142863,1.355909438775512,2006
2006-03-27,0.0,124.12962244897976,121.79436479591853,2.3348112244898,2006
2006-04-03,0.0,6.697054846938779,6.667330357142861,0.0297244897959184,2006
2006-04-10,0.0,20.757132653061262,20.43153571428572,0.3267474489795912,2006
2006-04-17,0.0,3.8842500000000015,3.83011607142857,0.0526352040816326,2006
2006-04-24,0.0,21.32658035714284,20.922307397959163,0.4042729591836732,2006
2006-05-01,0.0,38.96546938775511,38.18005612244897,0.785413265306122,2006
2006-05-15,0.0,91.33027933673468,89.64332270408156,1.688330357142856,2006
2006-05-22,0.0,7.1767359693877655,7.130456632653065,0.048358418367347,2006
2006-05-29,0.0,24.733059948979594,24.242335459183675,0.4904655612244893,2006
2006-06-05,0.0,7.81638265306122,7.715973214285713,0.1018813775510203,2006
2006-06-12,0.0,12.253006377551044,12.00948469387757,0.240292091836735,2006
2006-06-19,0.0,3.559223214285716,3.4978035714285727,0.0639438775510205,2006
2006-06-26,0.0,0.3648673469387757,0.3648673469387757,0.0,2006
2006-07-03,0.0,7.899496173469385,7.730510204081627,0.1676122448979591,2006
2006-07-17,0.0,98.48523214285724,97.12712244897966,1.3613392857142876,2006
2006-07-31,0.0,21.75726275510205,21.75726275510205,0.0015969387755101,2006
2006-09-18,0.0,23.1339655612245,22.898206632653068,0.2357589285714285,2006
2006-10-02,0.0,17.72354974489797,17.70892857142858,0.0132474489795918,2006
2006-10-09,0.0,12.199051020408165,11.980095663265312,0.2189553571428572,2006
2006-10-16,0.0,23.86776913265303,23.441357142857107,0.4266352040816321,2006
2006-10-23,0.0,2.521350765306124,2.521350765306124,0.0,2006
2006-10-30,0.0,3.998146683673472,3.918034438775508,0.0817091836734693,2006
2006-11-06,0.0,64.77894642857154,63.50240561224499,1.2670790816326547,2006
2006-11-13,0.0,13.631964285714298,13.499149234693874,0.1344477040816327,2006
2006-11-20,0.0,3.872491071428576,3.835022959183676,0.0389668367346939,2006
2006-11-27,0.0,7.866493622448991,7.69070535714287,0.1728176020408166,2006
2006-12-04,0.0,8.615580357142864,8.498957908163273,0.0905727040816327,2006
2006-12-11,0.0,1.05927806122449,0.9995204081632656,0.0,2006
2006-12-25,0.0,68.85010076530618,68.67497448979596,0.1749030612244899,2006
2007-01-01,0.0,13.449455357142863,13.449455357142863,0.0,2007
2007-01-08,0.0,6.341821428571427,6.341821428571427,0.0,2007
2007-01-15,0.0,3.4326224489795925,3.4326224489795925,0.0,2007
2007-01-22,0.0,16.70717091836736,16.186371173469418,0.4324974489795922,2007
2007-01-29,0.0,50.37463137755108,49.46614668367353,0.9041403061224496,2007
2007-02-05,0.0,81.88327678571424,80.3765395408162,1.5064783163265285,2007
2007-02-12,0.0,4.727516581632657,4.717963010204086,0.0109272959183673,2007
2007-02-19,0.0,2.3311977040816325,2.305040816326532,0.0277538265306122,2007
2007-03-05,0.0,21.119133928571447,21.119133928571447,0.0,2007
2007-03-12,0.0,40.30179591836741,39.66214158163259,0.6396543367346954,2007
2007-03-19,0.0,3.292141581632653,3.120100765306123,0.0,2007
2007-04-09,0.0,124.79116326530608,123.32837244897952,1.4641645408163255,2007
2007-04-16,0.0,25.04012500000001,24.5783086734694,0.4634132653061225,2007
2007-04-23,0.0,161.01606632653036,157.99149234693877,3.027446428571423,2007
2007-04-30,0.0,12.781289540816344,12.640651785714295,0.140637755102041,2007
2007-05-07,0.0,12.68679591836736,12.518784438775526,0.1665127551020413,2007
2007-05-14,0.0,84.74195153061228,82.92547576530605,1.8151020408163256,2007
2007-05-21,0.0,24.136136479591844,23.81491454081632,0.2327206632653056,2007
2007-05-28,0.0,97.62465816326542,95.73341454081644,1.88837117346939,2007
2007-06-04,0.0,17.34160586734696,17.22642602040819,0.1147334183673471,2007
2007-06-11,0.0,32.43176530612248,31.729758928571474,0.7020063775510216,2007
2007-06-18,0.0,36.2274897959184,35.65599362244901,0.5742436224489801,2007
2007-06-25,0.0,2.601354591836736,2.5980892857142863,0.0016326530612244,2007
2007-07-02,0.0,1.509411989795918,1.486191326530612,0.0094834183673469,2007
2007-08-06,0.0,78.96933035714288,78.05815688775513,0.9109145408163272,2007
2007-09-24,0.0,53.528389030612296,53.19743367346944,0.3323290816326532,2007
2007-10-01,0.0,10.492271683673476,10.492271683673476,0.0,2007
2007-10-08,0.0,35.63007525510199,34.950741071428574,0.6793341836734672,2007
2007-10-15,0.0,6.110929846938778,6.109297193877552,0.0016326530612244,2007
2007-10-22,0.0,3.0379362244897954,3.0379362244897954,0.0,2007
2007-10-29,0.0,1.931919642857144,1.931919642857144,0.0,2007
2007-11-05,0.0,1.6182678571428577,1.6182678571428577,0.0,2007
2007-11-12,0.0,1.2075191326530614,1.2075191326530614,0.0,2007
2007-11-19,0.0,0.6105586734693881,0.6105586734693881,0.0,2007
2007-11-26,0.0,0.6885025510204082,0.6885025510204082,0.0,2007
2007-12-03,0.0,0.4552895408163268,0.4552895408163268,0.0,2007
2007-12-10,0.0,0.3528392857142858,0.3528392857142858,0.0,2007
2007-12-17,0.0,0.3382538265306123,0.3382538265306123,0.0,2007
2007-12-24,0.0,8.010045918367354,7.8535829081632675,0.1595586734693879,2007
2007-12-31,0.0,1.140596938775511,1.1356989795918373,0.0058252551020408,2007
2008-01-07,0.0,1.7700994897959188,1.7332818877551002,0.0368176020408162,2008
2008-01-14,0.0,39.09953061224495,38.32031377551024,0.7762461734693881,2008
2008-01-28,0.0,81.89604719387762,80.76582908163277,1.1261951530612269,2008
2008-02-04,0.0,148.36900637755122,145.5735522959187,2.7941160714285744,2008
2008-02-11,0.0,6.003133928571438,5.955353316326538,0.0492793367346939,2008
2008-02-18,0.0,164.2045943877551,161.03650892857124,3.16808545918367,2008
2008-02-25,0.0,16.331678571428576,16.295637755102046,0.0360408163265306,2008
2008-03-03,0.0,4.962980867346941,4.962980867346941,0.0,2008
2008-03-10,0.0,4.973552295918373,4.90727295918368,0.0662793367346939,2008
2008-03-17,0.0,1.5133201530612257,1.507762755102042,0.0062627551020408,2008
2008-03-24,0.0,70.65879209183682,68.98812244897968,1.6706696428571448,2008
2008-03-31,0.0,38.793596938775536,38.42458673469391,0.3704196428571432,2008
2008-04-07,0.0,1.2114885204081642,1.2114885204081642,0.0,2008
2008-04-14,0.0,41.15667729591844,39.90254846938782,1.2526301020408168,2008
2008-04-28,0.0,24.965090561224507,24.87805867346939,0.0853010204081633,2008
2008-05-05,0.0,9.381103316326532,9.366187500000004,0.0149158163265306,2008
2008-05-12,0.0,5.738947704081634,5.695968112244901,0.0439068877551021,2008
2008-05-19,0.0,28.81569897959185,28.24294387755108,0.5711581632653069,2008
2008-05-26,0.0,77.51202423469401,75.77931122448989,1.73041198979592,2008
2008-06-02,0.0,63.6018750000001,62.50889285714296,1.0929821428571445,2008
2008-06-09,0.0,68.83324999999998,67.41137244897958,1.422547193877551,2008
2008-06-16,0.0,106.2587576530613,104.2764974489797,1.983857142857144,2008
2008-06-23,0.0,21.048033163265327,20.862496173469392,0.1886326530612246,2008
2008-06-30,0.0,157.65159438775527,154.4229757653063,3.22861862244898,2008
2008-07-07,0.0,44.10961352040814,43.36223852040808,0.7457423469387743,2008
2008-07-14,0.0,72.65290051020403,71.13140561224483,1.5183992346938766,2008
2008-07-21,0.0,23.06770663265308,22.76525892857145,0.3028941326530617,2008
2008-08-04,0.0,17.056471938775513,17.006576530612257,0.0513941326530612,2008
2008-09-08,0.0,14.86238903061224,14.729358418367344,0.1314336734693876,2008
2008-09-15,0.0,3.2933954081632657,3.2449668367346947,0.0029706632653061,2008
2008-09-22,0.0,7.129977040816313,6.913507653061221,0.1265752551020406,2008
2008-09-29,0.0,16.261367346938766,15.933858418367349,0.3261352040816328,2008
2008-10-06,0.0,48.72038010204084,47.77562117346941,0.9408609693877554,2008
2008-10-13,0.0,7.46097831632654,7.314232142857151,0.146746173469388,2008
2008-10-20,0.0,4.098272959183676,4.066362244897963,0.0319107142857143,2008
2008-10-27,0.0,0.547621173469388,0.5412334183673472,0.0,2008
2008-11-03,0.0,3.619149234693881,3.548353316326537,0.070795918367347,2008
2008-11-10,0.0,0.3065038265306122,0.3065038265306122,0.0,2008
2008-11-17,0.0,0.2016415816326531,0.2016415816326531,0.0,2008
2008-11-24,0.0,0.1230969387755102,0.1230969387755102,0.0,2008
2008-12-01,0.0,0.1281874999999999,0.1213188775510204,0.0,2008
2008-12-08,0.0,0.068531887755102,0.0580140306122449,0.0,2008
2008-12-15,0.0,0.0715114795918367,0.0715114795918367,0.0,2008
2008-12-29,0.0,21.30400255102041,21.286302295918382,0.0193329081632653,2008
2009-01-12,0.0,11.642352040816336,11.642352040816336,0.0,2009
2009-01-19,0.0,1.969415816326532,1.969415816326532,0.0,2009
2009-01-26,0.0,9.552065051020412,9.331168367346944,0.2065242346938777,2009
2009-02-16,0.0,7.00579591836735,6.998427295918374,0.0073686224489796,2009
2009-02-23,0.0,20.94470025510208,20.536024234693915,0.4103086734693879,2009
2009-03-16,0.0,29.960228316326567,29.894790816326555,0.0612270408163266,2009
2009-03-23,0.0,6.102089285714287,6.102089285714287,0.0,2009
2009-03-30,0.0,3.9255293367346953,3.898588010204084,0.0283150510204081,2009
2009-04-27,0.0,6.8077142857142885,6.7986237244898025,0.0090905612244898,2009
2009-05-04,0.0,2.360053571428573,2.188961734693881,0.033765306122449,2009
2009-05-11,0.0,0.9337346938775508,0.9337346938775508,0.0,2009
2009-05-18,0.0,138.25699362244902,135.58738010204067,2.6729413265306112,2009
2009-05-25,0.0,47.55865178571434,46.83826020408166,0.7187946428571431,2009
2009-06-01,0.0,4.523600765306127,4.474192602040817,0.0494081632653061,2009
2009-06-08,0.0,0.7384923469387756,0.7368596938775512,0.0016326530612244,2009
2009-06-15,0.0,87.76794005102056,85.67234183673487,2.095821428571431,2009
2009-06-22,0.0,48.14478061224496,47.7062971938776,0.4371096938775518,2009
2009-06-29,0.0,57.97503188775512,56.70657780612247,1.2669553571428571,2009
2009-07-06,0.0,32.904036989795976,32.42492091836742,0.4744234693877561,2009
2009-07-13,0.0,121.63006760204078,119.41162755102036,2.2199030612244903,2009
2009-07-20,0.0,4.318405612244898,4.290072704081635,0.0299298469387755,2009
2009-08-17,0.0,56.53292984693878,56.46369005102042,0.0644132653061225,2009
2009-08-24,0.0,10.195771683673472,10.165751275510212,0.0285216836734693,2009
2009-08-31,0.0,4.651354591836735,4.33275,0.0,2009
2009-09-07,0.0,9.33885459183674,9.194747448979594,0.1441071428571429,2009
2009-09-21,0.0,81.90972448979593,81.56876913265314,0.3409553571428572,2009
2009-09-28,0.0,8.88315816326531,8.774126275510215,0.1104056122448981,2009
2009-10-05,0.0,81.65934566326543,80.01207142857152,1.650244897959187,2009
2009-10-12,0.0,3.5625484693877563,3.560247448979592,0.0016326530612244,2009
2009-10-19,0.0,1.866571428571429,1.8649387755102045,0.0,2009
2009-10-26,0.0,1.0656377551020408,1.0656377551020408,0.0,2009
2009-11-02,0.0,0.6717168367346941,0.6717168367346941,0.0,2009
2009-11-09,0.0,0.4277423469387755,0.4277423469387755,0.0,2009
2009-11-16,0.0,1.2602334183673465,1.2370471938775502,0.0247831632653061,2009
2009-11-23,0.0,0.3817869897959184,0.3817869897959184,0.0,2009
2009-11-30,0.0,0.2001198979591837,0.1986211734693878,0.0014987244897959,2009
2009-12-07,0.0,1.1561454081632625,1.13598469387755,0.0214987244897958,2009
2009-12-14,0.0,1.6673864795918345,1.6343954081632626,0.0314923469387754,2009
2009-12-21,0.0,0.7862704081632669,0.7682857142857161,0.017984693877551,2009
2010-01-04,0.0,10.906325255102049,10.898867346938786,0.0074579081632653,2010
2010-01-11,0.0,4.799844387755104,4.790852040816328,0.0074936224489795,2010
2010-01-18,0.0,9.03361096938775,8.882469387755092,0.1495446428571427,2010
2010-01-25,0.0,8.098910714285717,7.960951530612249,0.1395561224489795,2010
2010-02-01,0.0,73.35289413265302,72.01224999999997,1.3210880102040825,2010
2010-02-08,0.0,5.851920918367346,5.786965561224491,0.0648571428571428,2010
2010-02-15,0.0,34.691420918367335,34.01550510204083,0.6782168367346939,2010
2010-03-01,0.0,49.29910331632659,49.1773992346939,0.1217040816326533,2010
2010-03-08,0.0,8.638047193877554,8.63242729591837,0.0069936224489796,2010
2010-03-15,0.0,45.85532525510213,44.56388137755111,1.2929426020408166,2010
2010-03-22,0.0,74.20868367346944,73.32039540816334,0.8924451530612262,2010
2010-03-29,0.0,13.678295918367365,13.449395408163284,0.2289005102040821,2010
2010-04-05,0.0,2.2990153061224494,2.2990153061224494,0.0,2010
2010-04-12,0.0,1.258405612244898,1.258405612244898,0.0,2010
2010-04-19,0.0,2.44783035714286,2.4066071428571445,0.0428558673469388,2010
2010-04-26,0.0,33.9821926020408,33.28559438775509,0.6968214285714277,2010
2010-05-03,0.0,6.585264030612242,6.509558673469387,0.0747780612244897,2010
2010-05-10,0.0,116.40312244897966,113.80759056122454,2.595272959183675,2010
2010-05-24,0.0,121.45280484693892,120.08329336734708,1.3681377551020426,2010
2010-05-31,0.0,7.868112244897962,7.863991071428573,0.0042461734693877,2010
2010-06-07,0.0,6.990852040816322,6.888586734693874,0.0991696428571426,2010
2010-06-14,0.0,13.098927295918376,12.75297193877552,0.3459553571428574,2010
2010-06-28,0.0,64.95995663265313,64.790487244898,0.1694693877551022,2010
2010-07-05,0.0,15.629690051020418,15.562276785714287,0.070419642857143,2010
2010-07-12,0.0,65.99525255102047,64.87686096938782,1.1213622448979603,2010
2010-09-06,0.0,52.66330867346943,52.36055739795923,0.3010204081632658,2010
2010-10-04,0.0,28.40842602040819,28.37952168367348,0.0302780612244898,2010
2010-10-11,0.0,5.344434948979594,5.344434948979594,0.0,2010
2010-10-18,0.0,3.460386479591837,3.460386479591837,0.0,2010
2010-10-25,0.0,1.6420459183673468,1.6420459183673468,0.0,2010
2010-11-01,0.0,1.24271556122449,1.24271556122449,0.0,2010
2010-11-08,0.0,1.0744744897959186,1.0744744897959186,0.0,2010
2010-11-15,0.0,6.747003826530604,6.627266581632641,0.1197372448979591,2010
2010-11-22,0.0,0.5673788265306128,0.4946543367346942,0.0,2010
2010-11-29,0.0,0.4812767857142857,0.4722614795918368,0.0,2010
2010-12-06,0.0,0.2488456632653062,0.2488456632653062,0.0,2010
2010-12-13,0.0,0.2155089285714286,0.2155089285714286,0.0,2010
2010-12-20,0.0,0.201577806122449,0.201577806122449,0.0,2010
2010-12-27,0.0,0.0958533163265306,0.0958533163265306,0.0,2010
2011-01-03,0.0,0.1039107142857143,0.1039107142857143,0.0,2011
2011-01-10,0.0,0.0804451530612245,0.0804451530612245,0.0,2011
2011-01-17,0.0,1.1668099489795918,1.1461352040816315,0.0197474489795918,2011
2011-01-24,0.0,2.445751275510205,2.396187500000003,0.0511607142857142,2011
2011-01-31,0.0,7.092514030612226,6.95729846938775,0.1323431122448977,2011
2011-02-07,0.0,132.50981760204073,129.99475510204076,2.515062499999999,2011
2011-02-14,0.0,27.34410204081632,26.90655867346936,0.4377665816326527,2011
2011-02-21,0.0,4.1215318877551015,4.083937499999999,0.0407882653061224,2011
2011-03-07,0.0,45.18654464285714,44.74766581632655,0.4357831632653056,2011
2011-03-14,0.0,90.61064795918386,88.16747704081652,2.4431709183673496,2011
2011-03-21,0.0,140.25667857142872,138.37224107142876,1.8859362244897988,2011
2011-03-28,0.0,5.242554846938778,5.242554846938778,0.0,2011
2011-04-04,0.0,23.747363520408147,23.30178826530609,0.4442015306122445,2011
2011-04-11,0.0,2.044103316326532,2.0413558673469394,0.0,2011
2011-04-18,0.0,0.6332232142857147,0.6332232142857147,0.0,2011
2011-05-09,0.0,10.34785841836735,10.34785841836735,0.0,2011
2011-05-16,0.0,24.269616071428548,23.83639540816323,0.4332206632653054,2011
2011-05-23,0.0,1.9881237244897976,1.98224617346939,0.0070280612244898,2011
2011-05-30,0.0,30.69322448979584,30.098035714285704,0.5981951530612241,2011
2011-06-06,0.0,38.29876020408166,37.22117857142866,1.077581632653063,2011
2011-06-13,0.0,59.10395535714287,58.42923852040816,0.6702474489795921,2011
2011-06-20,0.0,39.8107283163265,39.12679464285713,0.6870293367346935,2011
2011-06-27,0.0,88.11448086734677,86.39220918367333,1.7238686224489774,2011
2011-07-04,0.0,12.55011989795919,12.441772959183677,0.1067499999999999,2011
2011-07-11,0.0,12.709873724489793,12.49801530612245,0.2078354591836738,2011
2011-07-18,0.0,12.918190051020398,12.66995918367348,0.2496045918367346,2011
2011-08-01,0.0,125.06968877551024,122.70716326530616,2.3633278061224496,2011
2011-10-10,0.0,11.744735969387763,11.625221938775512,0.0,2011
2011-10-17,0.0,4.709889030612247,4.0761696428571454,0.0,2011
2011-10-24,0.0,3.51774362244898,3.51774362244898,0.0,2011
2011-10-31,0.0,2.341542091836735,2.341542091836735,0.0,2011
2011-11-07,0.0,1.3231147959183671,1.3231147959183671,0.0,2011
2011-11-14,0.0,4.081946428571432,4.011338010204084,0.0722053571428571,2011
2011-11-21,0.0,7.370279336734703,7.223188775510215,0.1441198979591839,2011
2011-11-28,0.0,1.084204081632654,1.071698979591838,0.0109081632653061,2011
2011-12-05,0.0,0.4503303571428572,0.4503303571428572,0.0,2011
2011-12-12,0.0,3.681095663265314,3.586677295918373,0.0959170918367349,2011
2011-12-19,0.0,29.53975637755105,28.977984693877595,0.5603979591836744,2011
2011-12-26,0.0,0.847256377551021,0.847256377551021,0.0,2011
2012-01-02,0.0,0.3995420918367348,0.3950459183673471,0.0044961734693877,2012
2012-01-09,0.0,0.6422423469387761,0.6287448979591842,0.010625,2012
2012-01-16,0.0,0.7238801020408161,0.713969387755102,0.0089834183673469,2012
2012-01-23,0.0,3.1416403061224485,3.090656887755105,0.0503137755102041,2012
2012-01-30,0.0,1.719090561224489,1.6847704081632646,0.0328214285714285,2012
2012-02-06,0.0,77.92445535714285,76.09924872448975,1.8235739795918364,2012
2012-02-13,0.0,38.09044897959184,37.78967602040817,0.3007729591836741,2012
2012-02-20,0.0,58.34211607142856,57.27798214285716,1.0664349489795937,2012
2012-02-27,0.0,8.062799744897955,7.948900510204076,0.1114732142857141,2012
2012-03-05,0.0,27.77312117346941,27.170553571428595,0.6018622448979597,2012
2012-03-12,0.0,9.537385204081644,9.45129719387756,0.0844910714285715,2012
2012-03-19,0.0,13.388862244897956,13.108338010204063,0.2805242346938775,2012
2012-03-26,0.0,4.095576530612248,4.040391581632656,0.0561122448979592,2012
2012-04-02,0.0,4.216545918367345,4.13880484693877,0.0746096938775509,2012
2012-04-09,0.0,67.3881237244899,65.57710714285722,1.803255102040818,2012
2012-04-16,0.0,68.31664668367353,67.60131250000005,0.7122028061224496,2012
2012-04-23,0.0,51.45201147959187,50.43145408163271,1.0205573979591842,2012
2012-05-07,0.0,143.23307525510208,140.77269515306128,2.4617895408163304,2012
2012-05-14,0.0,14.456428571428578,14.364186224489812,0.0922423469387757,2012
2012-05-21,0.0,112.7174834183674,110.26290306122458,2.4561772959183688,2012
2012-05-28,0.0,66.86428316326537,65.92411734693881,0.9447691326530616,2012
2012-06-04,0.0,91.34170663265309,89.6600446428571,1.6816619897959184,2012
2012-06-11,0.0,11.51095408163267,11.35730102040817,0.1522793367346942,2012
2012-06-18,0.0,8.163519132653054,8.018948979591842,0.1445701530612244,2012
2012-06-25,0.0,27.22552933673473,26.49835076530615,0.7255816326530623,2012
2012-07-02,0.0,27.34440816326533,27.073595663265337,0.2693137755102043,2012
2012-07-09,0.0,2.129683673469388,2.1137040816326533,0.0029974489795918,2012
2012-07-16,0.0,6.773002551020413,6.654744897959191,0.1173303571428576,2012
2012-08-06,0.0,69.12858673469388,68.00625255102038,1.1222002551020402,2012
2012-08-13,0.0,17.425598214285703,17.30611479591837,0.1178864795918366,2012
2012-08-20,0.0,10.431951530612253,10.309614795918378,0.1209630102040817,2012
2012-08-27,0.0,34.967038265306144,34.27059566326534,0.6964426020408172,2012
2012-09-03,0.0,49.51066709183676,48.6292959183674,0.8813711734693881,2012
2012-09-10,0.0,112.56257653061252,109.40573724489812,3.1553405612244925,2012
2012-10-08,0.0,40.4020382653061,40.4020382653061,0.0,2012
2012-10-15,0.0,64.66756122448983,63.53478188775522,1.1311466836734698,2012
2012-10-22,0.0,8.795140306122454,8.795140306122454,0.0,2012
2012-10-29,0.0,23.172153061224524,22.604484693877573,0.5705408163265314,2012
2012-11-05,0.0,52.09872321428573,51.33669387755106,0.7606556122448981,2012
2012-11-12,0.0,3.875832908163267,3.875832908163267,0.0,2012
2012-11-19,0.0,2.687575255102041,2.687575255102041,0.0,2012
2012-11-26,0.0,1.482336734693878,1.482336734693878,0.0,2012
2012-12-03,0.0,2.598876275510204,2.565563775510204,0.0333124999999999,2012
2012-12-10,0.0,0.8352130102040819,0.8352130102040819,0.0,2012
2012-12-17,0.0,0.9170025510204086,0.910008928571429,0.0069936224489796,2012
2012-12-24,0.0,101.80530484693872,100.0228737244898,1.7838048469387764,2012
2012-12-31,0.0,10.90348596938776,10.768262755102043,0.1336262755102042,2012
2013-01-07,0.0,1.6407678571428583,1.6391352040816334,0.0016326530612244,2013
2013-01-14,0.0,0.6474974489795924,0.6465701530612247,0.0025599489795918,2013
2013-01-21,0.0,0.4722614795918368,0.4693890306122451,0.0027474489795918,2013
2013-01-28,0.0,10.874081632653072,10.617251275510217,0.2574987244897961,2013
2013-02-04,0.0,17.295056122448987,17.04502168367348,0.2514081632653064,2013
2013-02-11,0.0,71.85417219387759,69.9188392857143,1.9353329081632669,2013
2013-02-25,0.0,40.78716071428575,40.77750892857146,0.0077959183673469,2013
2013-03-04,0.0,37.10543367346935,36.543209183673454,0.5612971938775505,2013
2013-03-18,0.0,56.948928571428574,56.35216198979594,0.5967665816326522,2013
2013-03-25,0.0,36.43633801020412,35.920227040816364,0.5147372448979595,2013
2013-04-01,0.0,118.16842346938788,115.9006186224491,2.267804846938778,2013
2013-04-08,0.0,73.34818749999995,71.81304081632643,1.532497448979591,2013
2013-04-15,0.0,97.28305484693894,95.4051326530613,1.8749515306122475,2013
2013-04-22,0.0,81.37334948979603,79.96117091836739,1.411251275510205,2013
2013-04-29,0.0,23.257131377551016,22.95564923469387,0.3024094387755099,2013
2013-05-13,0.0,119.8037206632654,118.03887627551032,1.762284438775513,2013
2013-05-20,0.0,4.276183673469392,4.265460459183677,0.0107232142857143,2013
2013-05-27,0.0,1.077728316326531,1.0733494897959184,0.0041556122448979,2013
2013-06-03,0.0,0.6108635204081632,0.6108635204081632,0.0,2013
2013-06-10,0.0,37.82443367346942,37.0367691326531,0.7861658163265316,2013
2013-06-17,0.0,9.628429846938786,9.548193877551029,0.0786033163265306,2013
2013-06-24,0.0,9.463831632653088,9.212608418367356,0.2516696428571435,2013
2013-07-08,0.0,29.209807397959214,29.125207908163294,0.0845994897959184,2013
2013-07-15,0.0,133.43798596938777,130.7508176020407,2.6855714285714263,2013
2013-08-05,0.0,36.72994005102044,36.66963392857144,0.0603061224489796,2013
2013-09-09,0.0,48.13873086734697,47.54768239795923,0.5878545918367359,2013
2013-09-16,0.0,13.439559948979593,13.419531887755108,0.0171556122448979,2013
2013-09-23,0.0,8.610285714285718,8.610285714285718,0.0,2013
2013-09-30,0.0,4.5781556122449,4.56556760204082,0.0095816326530612,2013
2013-10-07,0.0,5.294621173469389,5.222762755102044,0.071858418367347,2013
2013-10-14,0.0,100.91851020408168,99.02502168367346,1.896584183673472,2013
2013-10-21,0.0,32.368575255102094,31.926133928571467,0.4410676020408171,2013
2013-10-28,0.0,23.57483035714286,23.113158163265297,0.4629477040816326,2013
2013-11-04,0.0,2.2071250000000004,2.126401785714286,0.0,2013
2013-11-11,0.0,0.9545114795918376,0.9300216836734698,0.0,2013
2013-11-18,0.0,0.903228316326531,0.8972334183673472,0.0059948979591836,2013
2013-11-25,0.0,0.821179846938776,0.8156135204081636,0.0046390306122449,2013
2013-12-02,0.0,0.401294642857143,0.401294642857143,0.0,2013
2013-12-09,0.0,0.4703533163265306,0.4657857142857143,0.0015969387755101,2013
2013-12-16,0.0,0.2564528061224491,0.2564528061224491,0.0,2013
2013-12-23,0.0,0.6982869897959176,0.6852538265306117,0.0084655612244897,2013
2013-12-30,0.0,0.1866875,0.1866875,0.0,2013
2014-01-06,0.0,0.1821058673469388,0.1821058673469388,0.0013737244897959,2014
2014-01-13,0.0,0.2346020408163266,0.2317295918367348,0.0028724489795918,2014
2014-01-20,0.0,2.7673520408163266,2.710149234693879,0.0587015306122448,2014
2014-01-27,0.0,28.00611989795925,27.41069387755106,0.5941505102040817,2014
2014-02-03,0.0,32.54554974489795,31.93899234693877,0.606593112244898,2014
2014-02-10,0.0,20.52753954081633,20.066955357142856,0.4592104591836736,2014
2014-02-17,0.0,36.478702806122456,35.815269132653064,0.6652895408163264,2014
2014-02-24,0.0,32.57773214285716,32.10076785714288,0.4824948979591834,2014
2014-03-03,0.0,24.94080612244896,24.460631377550992,0.4801747448979582,2014
2014-03-10,0.0,12.25763520408162,12.058650510204073,0.2037130102040815,2014
2014-03-24,0.0,79.92072321428574,78.86766198979593,1.0514285714285716,2014
2014-03-31,0.0,5.927836734693885,5.837585459183678,0.0691632653061226,2014
2014-04-07,0.0,71.9542857142857,70.27996556122444,1.672723214285714,2014
2014-04-14,0.0,91.24010969387756,89.73227168367357,1.50780229591837,2014
2014-04-21,0.0,1.7025178571428583,1.7008852040816334,0.0016326530612244,2014
2014-04-28,0.0,12.666248724489815,12.297750000000011,0.3731913265306131,2014
2014-05-12,0.0,101.13664285714268,99.54405102040803,1.5925918367346916,2014
2014-05-19,0.0,141.50627168367348,138.6050637755102,2.8998341836734696,2014
2014-05-26,0.0,48.027522959183706,47.2402691326531,0.7843813775510206,2014
2014-06-02,0.0,66.5945790816327,65.35153954081635,1.2387933673469402,2014
2014-06-09,0.0,11.73230612244897,11.551420918367327,0.1802155612244895,2014
2014-06-16,0.0,127.44728826530609,124.97810714285698,2.471447704081629,2014
2014-06-23,0.0,13.570665816326544,13.451739795918376,0.1182206632653062,2014
2014-06-30,0.0,9.367968112244895,9.21911224489796,0.1504885204081632,2014
2014-07-07,0.0,2.922515306122448,2.89210331632653,0.0318214285714285,2014
2014-07-14,0.0,2.0139961734693896,1.985039540816328,0.0285102040816326,2014
2014-07-21,0.0,2.858126275510204,2.803530612244895,0.0578252551020407,2014
2014-07-28,0.0,0.6644770408163267,0.6644770408163267,0.0,2014
2014-08-04,0.0,48.4668801020408,47.67149744897956,0.7963099489795936,2014
2014-08-25,0.0,61.72288392857144,61.314368622449,0.4112270408163264,2014
2014-09-01,0.0,19.9568443877551,19.774727040816323,0.1821173469387753,2014
2014-09-08,0.0,8.128864795918371,8.113743622448983,0.0164948979591836,2014
2014-09-22,0.0,86.99875637755109,85.8042206632654,1.1931619897959196,2014
2014-09-29,0.0,31.51461734693877,31.09677678571428,0.4150573979591838,2014
2014-10-06,0.0,2.9167882653061232,2.9167882653061232,0.0,2014
2014-10-13,0.0,1.7827959183673472,1.781198979591837,0.0031938775510203,2014
2014-10-20,0.0,0.9373048469387756,0.9373048469387756,0.0,2014
2014-10-27,0.0,0.8506250000000001,0.8506250000000001,0.0,2014
2014-11-03,0.0,0.5391760204081634,0.5391760204081634,0.0,2014
2014-11-10,0.0,1.8843839285714312,1.8364247448979607,0.0479591836734695,2014
2014-11-17,0.0,38.43198214285719,37.733775510204126,0.6982066326530628,2014
2014-11-24,0.0,1.156982142857144,1.156982142857144,0.0,2014
2014-12-01,0.0,0.5075229591836735,0.5061492346938775,0.0013737244897959,2014
2014-12-08,0.0,0.1677691326530613,0.1601237244897959,0.0,2014
2014-12-15,0.0,0.1641785714285714,0.1626798469387755,0.0013737244897959,2014
2014-12-22,0.0,0.1179234693877551,0.1179234693877551,0.0,2014
2014-12-29,0.0,0.0740637755102041,0.0740637755102041,0.0,2014
